AUN,School District,County,"2022-23
Estimated
Total BEF
(columns E+F)
July 2022","2022-23
Estimated
Level Up Supplement
July 2022","2022-23
Base BEF plus Estimated Student-Weighted Distribution
July 2022","2022-23
Base BEF","2022-23
Estimated
Student-Weighted Distribution","2021-22
Final BEF
May 2022","Dollar
Change
in Total BEF",Percent Change
112011103,Bermudian Springs SD,Adams,"$6,991,221 ",$0.00 ,"$6,991,221 ","$5,878,309.62 ","$1,112,911.02 ","$6,456,388.48 ","$534,833.00 ",0.08
112011603,Conewago Valley SD,Adams,"$11,199,357 ",$0.00 ,"$11,199,357 ","$8,066,055.13 ","$3,133,301.64 ","$9,872,772.42 ","$1,326,585.00 ",0.13
112013054,Fairfield Area SD,Adams,"$3,977,829 ",$0.00 ,"$3,977,829 ","$3,342,764.07 ","$635,065.01 ","$3,603,431.48 ","$374,398.00 ",0.10
112013753,Gettysburg Area SD,Adams,"$9,138,557 ",$0.00 ,"$9,138,557 ","$7,257,695.14 ","$1,880,862.30 ","$8,526,327.48 ","$612,230.00 ",0.07
112015203,Littlestown Area SD,Adams,"$7,045,807 ",$0.00 ,"$7,045,807 ","$6,083,869.53 ","$961,937.44 ","$6,684,262.33 ","$361,545.00 ",0.05
112018523,Upper Adams SD,Adams,"$7,559,742 ",$0.00 ,"$7,559,742 ","$6,066,303.93 ","$1,493,438.14 ","$6,968,518.28 ","$591,224.00 ",0.08
103020603,Allegheny Valley SD,Allegheny,"$2,898,002 ",$0.00 ,"$2,898,002 ","$2,317,633.58 ","$580,368.89 ","$2,654,833.99 ","$243,168.00 ",0.09
103020753,Avonworth SD,Allegheny,"$3,161,200 ",$0.00 ,"$3,161,200 ","$2,401,883.94 ","$759,315.75 ","$2,826,774.96 ","$334,425.00 ",0.12
103021102,Baldwin-Whitehall SD,Allegheny,"$11,597,963 ",$0.00 ,"$11,597,963 ","$9,067,892.42 ","$2,530,070.45 ","$10,760,593.26 ","$837,370.00 ",0.08
103021252,Bethel Park SD,Allegheny,"$9,834,763 ",$0.00 ,"$9,834,763 ","$8,559,092.29 ","$1,275,670.54 ","$9,411,249.08 ","$423,514.00 ",0.05
103021453,Brentwood Borough SD,Allegheny,"$5,810,509 ",$0.00 ,"$5,810,509 ","$4,577,213.39 ","$1,233,295.98 ","$5,226,102.68 ","$584,406.00 ",0.11
103021603,Carlynton SD,Allegheny,"$4,946,461 ",$0.00 ,"$4,946,461 ","$4,001,169.89 ","$945,290.80 ","$4,575,626.65 ","$370,834.00 ",0.08
103021752,Chartiers Valley SD,Allegheny,"$5,980,128 ",$0.00 ,"$5,980,128 ","$4,590,786.63 ","$1,389,341.35 ","$5,435,315.75 ","$544,812.00 ",0.10
103021903,Clairton City SD,Allegheny,"$9,186,956 ","$479,021.19 ","$8,707,935 ","$7,033,515.29 ","$1,674,419.25 ","$8,038,559.25 ","$1,148,397.00 ",0.14
103022103,Cornell SD,Allegheny,"$2,056,391 ",$0.00 ,"$2,056,391 ","$1,635,776.86 ","$420,613.99 ","$1,958,603.15 ","$97,788.00 ",0.05
103022253,Deer Lakes SD,Allegheny,"$6,622,382 ",$0.00 ,"$6,622,382 ","$5,762,103.01 ","$860,279.36 ","$6,346,485.18 ","$275,897.00 ",0.04
103022503,Duquesne City SD,Allegheny,"$13,677,593 ","$520,071.61 ","$13,157,521 ","$11,339,609.66 ","$1,817,911.06 ","$12,689,263.26 ","$988,330.00 ",0.08
103022803,East Allegheny SD,Allegheny,"$10,314,057 ","$866,382.70 ","$9,447,674 ","$6,419,231.57 ","$3,028,441.94 ","$7,974,934.67 ","$2,339,122.00 ",0.29
103023153,Elizabeth Forward SD,Allegheny,"$10,492,027 ",$0.00 ,"$10,492,027 ","$8,957,625.52 ","$1,534,401.83 ","$9,827,174.42 ","$664,853.00 ",0.07
103023912,Fox Chapel Area SD,Allegheny,"$4,960,166 ",$0.00 ,"$4,960,166 ","$3,141,997.44 ","$1,818,168.15 ","$4,091,310.38 ","$868,856.00 ",0.21
103024102,Gateway SD,Allegheny,"$9,201,135 ",$0.00 ,"$9,201,135 ","$7,020,066.93 ","$2,181,067.81 ","$8,216,100.83 ","$985,034.00 ",0.12
103024603,Hampton Township SD,Allegheny,"$5,623,052 ",$0.00 ,"$5,623,052 ","$4,752,202.69 ","$870,849.36 ","$5,336,214.64 ","$286,837.00 ",0.05
103024753,Highlands SD,Allegheny,"$13,447,983 ",$0.00 ,"$13,447,983 ","$10,873,401.62 ","$2,574,581.69 ","$12,332,044.32 ","$1,115,939.00 ",0.09
103025002,Keystone Oaks SD,Allegheny,"$5,596,912 ",$0.00 ,"$5,596,912 ","$4,630,238.38 ","$966,673.77 ","$5,143,757.72 ","$453,154.00 ",0.09
103026002,McKeesport Area SD,Allegheny,"$33,986,420 ","$2,204,379.36 ","$31,782,041 ","$24,076,630.30 ","$7,705,411.13 ","$27,927,823.35 ","$6,058,597.00 ",0.22
103026303,Montour SD,Allegheny,"$5,198,959 ",$0.00 ,"$5,198,959 ","$3,772,245.63 ","$1,426,713.61 ","$4,496,839.41 ","$702,120.00 ",0.16
103026343,Moon Area SD,Allegheny,"$8,336,055 ",$0.00 ,"$8,336,055 ","$6,074,022.83 ","$2,262,032.15 ","$7,185,146.44 ","$1,150,909.00 ",0.16
103026402,Mt Lebanon SD,Allegheny,"$7,444,873 ",$0.00 ,"$7,444,873 ","$5,796,217.07 ","$1,648,655.80 ","$6,855,925.31 ","$588,948.00 ",0.09
103026852,North Allegheny SD,Allegheny,"$11,666,476 ",$0.00 ,"$11,666,476 ","$8,775,968.79 ","$2,890,506.85 ","$10,385,680.23 ","$1,280,796.00 ",0.12
103026902,North Hills SD,Allegheny,"$7,934,280 ",$0.00 ,"$7,934,280 ","$5,663,888.29 ","$2,270,391.79 ","$6,816,519.86 ","$1,117,760.00 ",0.16
103026873,Northgate SD,Allegheny,"$4,517,105 ",$0.00 ,"$4,517,105 ","$3,841,199.05 ","$675,906.43 ","$4,222,896.68 ","$294,208.00 ",0.07
103027352,Penn Hills SD,Allegheny,"$19,150,968 ",$0.00 ,"$19,150,968 ","$15,493,324.81 ","$3,657,643.50 ","$17,490,950.72 ","$1,660,017.00 ",0.09
103021003,Pine-Richland SD,Allegheny,"$5,996,579 ",$0.00 ,"$5,996,579 ","$4,759,698.30 ","$1,236,880.62 ","$5,600,958.82 ","$395,620.00 ",0.07
102027451,Pittsburgh SD,Allegheny,"$168,679,009 ",$0.00 ,"$168,679,009 ","$153,804,126.28 ","$14,874,883.09 ","$163,710,576.29 ","$4,968,433.00 ",0.03
103027503,Plum Borough SD,Allegheny,"$13,754,326 ",$0.00 ,"$13,754,326 ","$12,539,169.71 ","$1,215,156.43 ","$13,336,901.02 ","$417,425.00 ",0.03
103027753,Quaker Valley SD,Allegheny,"$2,153,654 ",$0.00 ,"$2,153,654 ","$1,188,710.52 ","$964,943.63 ","$1,744,971.28 ","$408,683.00 ",0.23
103028203,Riverview SD,Allegheny,"$3,470,721 ",$0.00 ,"$3,470,721 ","$2,841,254.19 ","$629,466.49 ","$3,226,248.51 ","$244,472.00 ",0.08
103028302,Shaler Area SD,Allegheny,"$12,622,257 ",$0.00 ,"$12,622,257 ","$10,746,683.40 ","$1,875,573.12 ","$11,852,416.17 ","$769,841.00 ",0.07
103028653,South Allegheny SD,Allegheny,"$11,135,240 ","$364,210.58 ","$10,771,029 ","$9,497,929.96 ","$1,273,098.58 ","$10,318,657.56 ","$816,582.00 ",0.08
103028703,South Fayette Township SD,Allegheny,"$4,622,602 ",$0.00 ,"$4,622,602 ","$2,808,033.33 ","$1,814,568.87 ","$3,977,928.24 ","$644,674.00 ",0.16
103028753,South Park SD,Allegheny,"$7,079,674 ",$0.00 ,"$7,079,674 ","$6,153,629.94 ","$926,043.98 ","$6,663,574.53 ","$416,099.00 ",0.06
103028833,Steel Valley SD,Allegheny,"$11,604,096 ","$625,014.39 ","$10,979,082 ","$8,794,343.58 ","$2,184,738.67 ","$9,919,337.36 ","$1,684,759.00 ",0.17
103028853,Sto-Rox SD,Allegheny,"$13,723,906 ","$1,075,030.33 ","$12,648,876 ","$8,891,106.06 ","$3,757,770.00 ","$11,175,289.84 ","$2,548,616.00 ",0.23
103029203,Upper Saint Clair SD,Allegheny,"$5,292,370 ",$0.00 ,"$5,292,370 ","$4,075,878.83 ","$1,216,491.01 ","$4,770,150.67 ","$522,219.00 ",0.11
103029403,West Allegheny SD,Allegheny,"$6,931,058 ",$0.00 ,"$6,931,058 ","$5,339,428.76 ","$1,591,629.67 ","$6,436,379.30 ","$494,679.00 ",0.08
103029553,West Jefferson Hills SD,Allegheny,"$6,772,254 ",$0.00 ,"$6,772,254 ","$5,314,659.26 ","$1,457,594.32 ","$6,112,908.19 ","$659,346.00 ",0.11
103029603,West Mifflin Area SD,Allegheny,"$10,396,963 ","$784,695.20 ","$9,612,268 ","$6,869,365.20 ","$2,742,903.16 ","$8,566,232.16 ","$1,830,731.00 ",0.21
103029803,Wilkinsburg Borough SD,Allegheny,"$12,655,901 ","$564,882.61 ","$12,091,018 ","$10,116,469.67 ","$1,974,547.95 ","$11,090,274.36 ","$1,565,627.00 ",0.14
103029902,Woodland Hills SD,Allegheny,"$20,862,126 ","$1,388,201.85 ","$19,473,924 ","$14,621,462.56 ","$4,852,461.52 ","$17,276,420.16 ","$3,585,706.00 ",0.21
128030603,Apollo-Ridge SD,Armstrong,"$9,031,681 ",$0.00 ,"$9,031,681 ","$7,873,328.50 ","$1,158,352.38 ","$8,590,479.57 ","$441,201.00 ",0.05
128030852,Armstrong SD,Armstrong,"$32,870,656 ",$0.00 ,"$32,870,656 ","$28,501,262.59 ","$4,369,393.74 ","$31,274,872.10 ","$1,595,784.00 ",0.05
128033053,Freeport Area SD,Armstrong,"$7,386,288 ",$0.00 ,"$7,386,288 ","$6,395,333.79 ","$990,954.24 ","$6,902,801.37 ","$483,487.00 ",0.07
128034503,Leechburg Area SD,Armstrong,"$4,505,677 ",$0.00 ,"$4,505,677 ","$4,067,831.36 ","$437,845.36 ","$4,403,408.83 ","$102,268.00 ",0.02
127040503,Aliquippa SD,Beaver,"$12,189,170 ","$818,970.58 ","$11,370,199 ","$8,507,486.40 ","$2,862,712.80 ","$10,669,224.47 ","$1,519,946.00 ",0.14
127040703,Ambridge Area SD,Beaver,"$11,969,821 ",$0.00 ,"$11,969,821 ","$10,253,128.91 ","$1,716,691.91 ","$11,258,270.27 ","$711,551.00 ",0.06
127041203,Beaver Area SD,Beaver,"$6,400,384 ",$0.00 ,"$6,400,384 ","$5,227,309.79 ","$1,173,073.97 ","$5,989,513.90 ","$410,870.00 ",0.07
127041503,Big Beaver Falls Area SD,Beaver,"$13,667,564 ","$739,303.29 ","$12,928,261 ","$10,344,025.03 ","$2,584,235.67 ","$11,947,146.57 ","$1,720,417.00 ",0.14
127041603,Blackhawk SD,Beaver,"$9,877,287 ",$0.00 ,"$9,877,287 ","$8,936,881.24 ","$940,406.07 ","$9,536,880.46 ","$340,407.00 ",0.04
127042003,Central Valley SD,Beaver,"$9,399,590 ",$0.00 ,"$9,399,590 ","$8,355,040.86 ","$1,044,548.84 ","$9,021,270.82 ","$378,319.00 ",0.04
127042853,Freedom Area SD,Beaver,"$8,593,882 ",$0.00 ,"$8,593,882 ","$7,822,011.45 ","$771,870.36 ","$8,239,753.60 ","$354,128.00 ",0.04
127044103,Hopewell Area SD,Beaver,"$10,329,128 ",$0.00 ,"$10,329,128 ","$9,466,406.41 ","$862,721.73 ","$9,956,891.87 ","$372,236.00 ",0.04
127045303,Midland Borough SD,Beaver,"$3,566,299 ","$82,329.41 ","$3,483,970 ","$3,196,187.30 ","$287,782.58 ","$3,426,768.48 ","$139,531.00 ",0.04
127045653,New Brighton Area SD,Beaver,"$12,248,432 ","$421,699.68 ","$11,826,732 ","$10,352,680.40 ","$1,474,051.80 ","$11,138,781.52 ","$1,109,650.00 ",0.10
127045853,Riverside Beaver County SD,Beaver,"$8,133,358 ",$0.00 ,"$8,133,358 ","$7,689,049.56 ","$444,308.17 ","$8,055,966.55 ","$77,391.00 ",0.01
127046903,Rochester Area SD,Beaver,"$7,334,292 ","$255,704.11 ","$7,078,588 ","$6,184,774.24 ","$893,814.07 ","$6,943,935.80 ","$390,356.00 ",0.06
127047404,South Side Area SD,Beaver,"$10,496,589 ",$0.00 ,"$10,496,589 ","$10,065,511.99 ","$431,077.39 ","$10,339,334.58 ","$157,254.00 ",0.02
127049303,Western Beaver County SD,Beaver,"$5,755,705 ",$0.00 ,"$5,755,705 ","$5,347,718.72 ","$407,986.74 ","$5,553,166.54 ","$202,538.00 ",0.04
108051003,Bedford Area SD,Bedford,"$8,294,978 ",$0.00 ,"$8,294,978 ","$7,166,326.73 ","$1,128,651.57 ","$7,876,821.30 ","$418,157.00 ",0.05
108051503,Chestnut Ridge SD,Bedford,"$8,791,015 ",$0.00 ,"$8,791,015 ","$8,011,511.89 ","$779,503.14 ","$8,449,583.97 ","$341,431.00 ",0.04
108053003,Everett Area SD,Bedford,"$7,011,091 ",$0.00 ,"$7,011,091 ","$5,724,515.25 ","$1,286,576.01 ","$6,470,609.41 ","$540,482.00 ",0.08
108056004,Northern Bedford County SD,Bedford,"$6,166,246 ",$0.00 ,"$6,166,246 ","$5,652,377.64 ","$513,868.54 ","$5,980,317.03 ","$185,929.00 ",0.03
108058003,Tussey Mountain SD,Bedford,"$8,185,581 ",$0.00 ,"$8,185,581 ","$7,321,347.30 ","$864,233.97 ","$7,819,419.40 ","$366,162.00 ",0.05
114060503,Antietam SD,Berks,"$5,308,000 ","$451,270.90 ","$4,856,729 ","$3,279,311.07 ","$1,577,418.07 ","$4,064,620.45 ","$1,243,380.00 ",0.31
114060753,Boyertown Area SD,Berks,"$16,952,453 ",$0.00 ,"$16,952,453 ","$14,076,746.65 ","$2,875,706.35 ","$15,811,103.79 ","$1,141,349.00 ",0.07
114060853,Brandywine Heights Area SD,Berks,"$4,644,696 ",$0.00 ,"$4,644,696 ","$3,932,994.87 ","$711,701.13 ","$4,432,860.34 ","$211,836.00 ",0.05
114061103,Conrad Weiser Area SD,Berks,"$7,297,209 ",$0.00 ,"$7,297,209 ","$5,918,779.35 ","$1,378,430.14 ","$6,767,489.53 ","$529,719.00 ",0.08
114061503,Daniel Boone Area SD,Berks,"$9,380,630 ",$0.00 ,"$9,380,630 ","$8,086,559.33 ","$1,294,070.84 ","$8,837,482.74 ","$543,147.00 ",0.06
114062003,Exeter Township SD,Berks,"$10,199,723 ",$0.00 ,"$10,199,723 ","$8,143,037.38 ","$2,056,685.92 ","$9,315,499.89 ","$884,223.00 ",0.09
114062503,Fleetwood Area SD,Berks,"$6,504,419 ",$0.00 ,"$6,504,419 ","$5,636,099.02 ","$868,320.25 ","$6,317,508.89 ","$186,910.00 ",0.03
114063003,Governor Mifflin SD,Berks,"$7,729,117 ",$0.00 ,"$7,729,117 ","$5,558,303.11 ","$2,170,813.96 ","$6,986,625.13 ","$742,492.00 ",0.11
114063503,Hamburg Area SD,Berks,"$7,828,384 ",$0.00 ,"$7,828,384 ","$6,402,876.89 ","$1,425,507.58 ","$7,231,132.78 ","$597,251.00 ",0.08
114064003,Kutztown Area SD,Berks,"$4,007,386 ",$0.00 ,"$4,007,386 ","$3,164,488.86 ","$842,896.98 ","$3,624,811.77 ","$382,574.00 ",0.11
114065503,Muhlenberg SD,Berks,"$8,424,008 ",$0.00 ,"$8,424,008 ","$4,617,476.16 ","$3,806,532.12 ","$6,834,450.90 ","$1,589,557.00 ",0.23
114066503,Oley Valley SD,Berks,"$4,308,551 ",$0.00 ,"$4,308,551 ","$3,709,264.08 ","$599,286.51 ","$4,115,033.05 ","$193,518.00 ",0.05
114067002,Reading SD,Berks,"$184,089,751 ","$13,332,974.11 ","$170,756,777 ","$124,151,347.04 ","$46,605,429.59 ","$157,220,240.66 ","$26,869,510.00 ",0.17
114067503,Schuylkill Valley SD,Berks,"$3,637,292 ",$0.00 ,"$3,637,292 ","$2,430,888.57 ","$1,206,403.84 ","$3,237,869.23 ","$399,423.00 ",0.12
114068003,Tulpehocken Area SD,Berks,"$4,738,428 ",$0.00 ,"$4,738,428 ","$3,849,907.89 ","$888,519.66 ","$4,398,700.68 ","$339,727.00 ",0.08
114068103,Twin Valley SD,Berks,"$6,517,063 ",$0.00 ,"$6,517,063 ","$4,944,622.34 ","$1,572,440.33 ","$6,034,870.30 ","$482,193.00 ",0.08
114069103,Wilson  SD,Berks,"$10,699,211 ",$0.00 ,"$10,699,211 ","$6,814,144.31 ","$3,885,067.16 ","$9,248,610.11 ","$1,450,601.00 ",0.16
114069353,Wyomissing Area SD,Berks,"$2,371,507 ",$0.00 ,"$2,371,507 ","$1,255,666.74 ","$1,115,839.87 ","$2,143,455.84 ","$228,051.00 ",0.11
108070502,Altoona Area SD,Blair,"$46,102,032 ","$1,771,631.18 ","$44,330,401 ","$38,137,662.06 ","$6,192,739.24 ","$41,800,627.97 ","$4,301,404.00 ",0.10
108071003,Bellwood-Antis SD,Blair,"$7,361,289 ",$0.00 ,"$7,361,289 ","$6,731,161.67 ","$630,127.50 ","$7,149,073.62 ","$212,215.00 ",0.03
108071504,Claysburg-Kimmel SD,Blair,"$6,134,978 ","$217,922.44 ","$5,917,056 ","$5,155,307.38 ","$761,748.18 ","$5,661,517.98 ","$473,460.00 ",0.08
108073503,Hollidaysburg Area SD,Blair,"$13,031,919 ",$0.00 ,"$13,031,919 ","$11,418,121.93 ","$1,613,797.50 ","$12,428,773.45 ","$603,146.00 ",0.05
108077503,Spring Cove SD,Blair,"$8,324,706 ",$0.00 ,"$8,324,706 ","$7,423,326.42 ","$901,379.96 ","$8,077,502.41 ","$247,204.00 ",0.03
108078003,Tyrone Area SD,Blair,"$9,959,482 ",$0.00 ,"$9,959,482 ","$8,966,156.15 ","$993,326.06 ","$9,576,218.39 ","$383,264.00 ",0.04
108079004,Williamsburg Community SD,Blair,"$3,882,430 ","$139,760.21 ","$3,742,670 ","$3,254,138.47 ","$488,532.01 ","$3,533,081.30 ","$349,349.00 ",0.10
117080503,Athens Area SD,Bradford,"$13,156,162 ",$0.00 ,"$13,156,162 ","$11,040,588.68 ","$2,115,573.35 ","$12,289,403.65 ","$866,758.00 ",0.07
117081003,Canton Area SD,Bradford,"$7,678,233 ",$0.00 ,"$7,678,233 ","$6,824,766.97 ","$853,465.93 ","$7,392,769.86 ","$285,463.00 ",0.04
117083004,Northeast Bradford SD,Bradford,"$6,241,010 ",$0.00 ,"$6,241,010 ","$5,721,285.76 ","$519,724.67 ","$6,102,913.01 ","$138,097.00 ",0.02
117086003,Sayre Area SD,Bradford,"$7,172,363 ",$0.00 ,"$7,172,363 ","$5,747,719.23 ","$1,424,643.82 ","$6,441,517.64 ","$730,845.00 ",0.11
117086503,Towanda Area SD,Bradford,"$8,351,891 ",$0.00 ,"$8,351,891 ","$6,338,392.04 ","$2,013,499.33 ","$7,543,465.08 ","$808,426.00 ",0.11
117086653,Troy Area SD,Bradford,"$10,079,047 ",$0.00 ,"$10,079,047 ","$8,881,982.60 ","$1,197,064.43 ","$9,554,090.42 ","$524,957.00 ",0.05
117089003,Wyalusing Area SD,Bradford,"$7,652,857 ",$0.00 ,"$7,652,857 ","$6,614,964.90 ","$1,037,892.17 ","$7,249,824.41 ","$403,033.00 ",0.06
122091002,Bensalem Township SD,Bucks,"$17,301,092 ",$0.00 ,"$17,301,092 ","$11,093,112.62 ","$6,207,979.20 ","$15,196,039.38 ","$2,105,053.00 ",0.14
122091303,Bristol Borough SD,Bucks,"$7,681,705 ","$340,411.46 ","$7,341,294 ","$6,151,385.33 ","$1,189,908.73 ","$6,878,438.25 ","$803,267.00 ",0.12
122091352,Bristol Township SD,Bucks,"$24,530,207 ",$0.00 ,"$24,530,207 ","$19,380,084.26 ","$5,150,122.24 ","$23,003,805.00 ","$1,526,402.00 ",0.07
122092002,Centennial SD,Bucks,"$14,176,164 ",$0.00 ,"$14,176,164 ","$11,658,459.64 ","$2,517,703.96 ","$12,963,402.88 ","$1,212,761.00 ",0.09
122092102,Central Bucks SD,Bucks,"$21,317,555 ",$0.00 ,"$21,317,555 ","$16,227,940.02 ","$5,089,615.45 ","$19,233,626.18 ","$2,083,929.00 ",0.11
122092353,Council Rock SD,Bucks,"$16,003,900 ",$0.00 ,"$16,003,900 ","$13,807,191.93 ","$2,196,708.56 ","$15,141,565.47 ","$862,335.00 ",0.06
122097203,Morrisville Borough SD,Bucks,"$3,359,724 ",$0.00 ,"$3,359,724 ","$3,015,192.03 ","$344,531.77 ","$3,260,817.77 ","$98,906.00 ",0.03
122097502,Neshaminy SD,Bucks,"$16,081,223 ",$0.00 ,"$16,081,223 ","$12,446,356.34 ","$3,634,866.90 ","$14,759,180.24 ","$1,322,043.00 ",0.09
122097604,New Hope-Solebury SD,Bucks,"$1,370,381 ",$0.00 ,"$1,370,381 ","$1,136,957.82 ","$233,422.98 ","$1,298,259.39 ","$72,122.00 ",0.06
122098003,Palisades SD,Bucks,"$3,183,429 ",$0.00 ,"$3,183,429 ","$2,837,914.09 ","$345,515.19 ","$3,091,446.20 ","$91,983.00 ",0.03
122098103,Pennridge SD,Bucks,"$12,463,352 ",$0.00 ,"$12,463,352 ","$9,765,451.04 ","$2,697,901.25 ","$11,681,963.31 ","$781,389.00 ",0.07
122098202,Pennsbury SD,Bucks,"$18,358,292 ",$0.00 ,"$18,358,292 ","$14,932,856.70 ","$3,425,434.91 ","$17,026,699.79 ","$1,331,592.00 ",0.08
122098403,Quakertown Community SD,Bucks,"$12,026,439 ",$0.00 ,"$12,026,439 ","$9,073,303.71 ","$2,953,135.17 ","$10,840,200.68 ","$1,186,238.00 ",0.11
104101252,Butler Area SD,Butler,"$27,526,583 ",$0.00 ,"$27,526,583 ","$24,290,333.85 ","$3,236,248.83 ","$26,353,966.09 ","$1,172,617.00 ",0.04
104103603,Karns City Area SD,Butler,"$10,253,048 ",$0.00 ,"$10,253,048 ","$9,397,818.56 ","$855,228.99 ","$9,902,143.48 ","$350,905.00 ",0.04
104105003,Mars Area SD,Butler,"$6,715,317 ",$0.00 ,"$6,715,317 ","$5,709,787.60 ","$1,005,529.53 ","$6,258,008.79 ","$457,308.00 ",0.07
104105353,Moniteau SD,Butler,"$8,141,534 ",$0.00 ,"$8,141,534 ","$7,448,099.86 ","$693,434.08 ","$7,931,684.85 ","$209,849.00 ",0.03
104107903,Seneca Valley SD,Butler,"$15,565,138 ",$0.00 ,"$15,565,138 ","$13,285,083.69 ","$2,280,054.65 ","$14,716,447.37 ","$848,691.00 ",0.06
104107503,Slippery Rock Area SD,Butler,"$9,108,712 ",$0.00 ,"$9,108,712 ","$8,108,715.33 ","$999,996.32 ","$8,804,886.91 ","$303,825.00 ",0.03
104107803,South Butler County SD,Butler,"$8,433,328 ",$0.00 ,"$8,433,328 ","$7,363,877.88 ","$1,069,450.09 ","$7,963,237.96 ","$470,090.00 ",0.06
108110603,Blacklick Valley SD,Cambria,"$6,249,247 ","$254,008.89 ","$5,995,238 ","$5,107,349.19 ","$887,888.43 ","$5,606,220.92 ","$643,026.00 ",0.11
108111203,Cambria Heights SD,Cambria,"$10,176,040 ",$0.00 ,"$10,176,040 ","$9,298,144.91 ","$877,894.80 ","$9,883,233.45 ","$292,807.00 ",0.03
108111303,Central Cambria SD,Cambria,"$7,816,620 ",$0.00 ,"$7,816,620 ","$7,140,688.52 ","$675,930.99 ","$7,566,931.98 ","$249,688.00 ",0.03
108111403,Conemaugh Valley SD,Cambria,"$6,240,020 ",$0.00 ,"$6,240,020 ","$5,719,640.12 ","$520,379.42 ","$6,025,377.29 ","$214,643.00 ",0.04
108112003,Ferndale Area SD,Cambria,"$6,266,528 ","$225,821.64 ","$6,040,706 ","$5,251,346.55 ","$789,359.86 ","$5,781,792.77 ","$484,735.00 ",0.08
108112203,Forest Hills SD,Cambria,"$13,200,474 ",$0.00 ,"$13,200,474 ","$12,229,941.30 ","$970,532.75 ","$12,723,834.23 ","$476,640.00 ",0.04
108112502,Greater Johnstown SD,Cambria,"$24,983,859 ","$1,630,781.33 ","$23,353,078 ","$17,652,679.38 ","$5,700,398.42 ","$22,159,475.73 ","$2,824,383.00 ",0.13
108114503,Northern Cambria SD,Cambria,"$9,477,907 ",$0.00 ,"$9,477,907 ","$8,469,189.17 ","$1,008,718.08 ","$8,984,575.11 ","$493,332.00 ",0.05
108116003,Penn Cambria SD,Cambria,"$10,128,119 ",$0.00 ,"$10,128,119 ","$9,397,588.29 ","$730,530.96 ","$9,894,620.58 ","$233,498.00 ",0.02
108116303,Portage Area SD,Cambria,"$7,164,682 ",$0.00 ,"$7,164,682 ","$6,553,829.79 ","$610,851.95 ","$6,872,779.91 ","$291,902.00 ",0.04
108116503,Richland SD,Cambria,"$3,879,660 ",$0.00 ,"$3,879,660 ","$3,036,332.79 ","$843,327.56 ","$3,460,491.56 ","$419,168.00 ",0.12
108118503,Westmont Hilltop SD,Cambria,"$4,568,143 ",$0.00 ,"$4,568,143 ","$3,833,812.92 ","$734,329.84 ","$4,292,979.07 ","$275,164.00 ",0.06
109122703,Cameron County SD,Cameron,"$6,302,446 ","$240,175.38 ","$6,062,271 ","$5,222,737.25 ","$839,533.37 ","$5,662,479.30 ","$639,967.00 ",0.11
121135003,Jim Thorpe Area SD,Carbon,"$4,631,039 ",$0.00 ,"$4,631,039 ","$2,729,285.72 ","$1,901,753.56 ","$3,888,722.45 ","$742,317.00 ",0.19
121135503,Lehighton Area SD,Carbon,"$10,112,772 ",$0.00 ,"$10,112,772 ","$8,318,580.22 ","$1,794,191.79 ","$9,642,179.01 ","$470,593.00 ",0.05
121136503,Palmerton Area SD,Carbon,"$7,266,262 ",$0.00 ,"$7,266,262 ","$6,186,464.34 ","$1,079,798.00 ","$6,825,706.92 ","$440,555.00 ",0.06
121136603,Panther Valley SD,Carbon,"$12,022,365 ","$893,066.68 ","$11,129,298 ","$8,007,581.79 ","$3,121,715.82 ","$9,747,551.63 ","$2,274,813.00 ",0.23
121139004,Weatherly Area SD,Carbon,"$4,011,938 ",$0.00 ,"$4,011,938 ","$2,997,054.54 ","$1,014,883.04 ","$3,336,464.63 ","$675,473.00 ",0.20
110141003,Bald Eagle Area SD,Centre,"$9,141,661 ",$0.00 ,"$9,141,661 ","$7,847,879.88 ","$1,293,780.83 ","$8,559,353.83 ","$582,307.00 ",0.07
110141103,Bellefonte Area SD,Centre,"$9,348,214 ",$0.00 ,"$9,348,214 ","$7,949,157.18 ","$1,399,056.47 ","$8,845,206.46 ","$503,008.00 ",0.06
110147003,Penns Valley Area SD,Centre,"$6,088,189 ",$0.00 ,"$6,088,189 ","$4,892,568.44 ","$1,195,620.13 ","$5,532,655.94 ","$555,533.00 ",0.10
110148002,State College Area SD,Centre,"$10,600,367 ",$0.00 ,"$10,600,367 ","$6,440,590.52 ","$4,159,776.24 ","$9,039,482.88 ","$1,560,884.00 ",0.17
124150503,Avon Grove SD,Chester,"$16,423,214 ",$0.00 ,"$16,423,214 ","$14,384,056.96 ","$2,039,157.22 ","$15,781,865.45 ","$641,349.00 ",0.04
124151902,Coatesville Area SD,Chester,"$31,134,015 ","$1,568,102.99 ","$29,565,912 ","$24,084,606.29 ","$5,481,306.18 ","$27,226,996.31 ","$3,907,019.00 ",0.14
124152003,Downingtown Area SD,Chester,"$17,185,627 ",$0.00 ,"$17,185,627 ","$13,508,744.74 ","$3,676,881.95 ","$15,732,744.63 ","$1,452,882.00 ",0.09
124153503,Great Valley SD,Chester,"$3,562,574 ",$0.00 ,"$3,562,574 ","$2,277,607.72 ","$1,284,966.05 ","$3,038,518.40 ","$524,056.00 ",0.17
124154003,Kennett Consolidated SD,Chester,"$7,359,166 ",$0.00 ,"$7,359,166 ","$5,118,283.89 ","$2,240,882.23 ","$6,362,412.80 ","$996,753.00 ",0.16
124156503,Octorara Area SD,Chester,"$7,127,291 ",$0.00 ,"$7,127,291 ","$5,763,111.61 ","$1,364,179.35 ","$6,757,188.48 ","$370,103.00 ",0.05
124156603,Owen J Roberts SD,Chester,"$7,551,728 ",$0.00 ,"$7,551,728 ","$5,322,979.00 ","$2,228,748.79 ","$6,594,276.78 ","$957,451.00 ",0.15
124156703,Oxford Area SD,Chester,"$15,324,976 ","$733,681.26 ","$14,591,295 ","$12,026,710.90 ","$2,564,583.88 ","$13,634,778.78 ","$1,690,197.00 ",0.12
124157203,Phoenixville Area SD,Chester,"$6,029,885 ",$0.00 ,"$6,029,885 ","$4,208,034.17 ","$1,821,851.03 ","$5,429,495.95 ","$600,389.00 ",0.11
124157802,Tredyffrin-Easttown SD,Chester,"$4,626,355 ",$0.00 ,"$4,626,355 ","$3,186,362.63 ","$1,439,991.94 ","$4,037,287.54 ","$589,067.00 ",0.15
124158503,Unionville-Chadds Ford SD,Chester,"$3,880,366 ",$0.00 ,"$3,880,366 ","$3,005,342.63 ","$875,023.43 ","$3,515,630.31 ","$364,736.00 ",0.10
124159002,West Chester Area SD,Chester,"$10,937,279 ",$0.00 ,"$10,937,279 ","$7,247,318.12 ","$3,689,961.20 ","$9,575,706.04 ","$1,361,573.00 ",0.14
106160303,Allegheny-Clarion Valley SD,Clarion,"$6,122,093 ",$0.00 ,"$6,122,093 ","$5,742,112.98 ","$379,980.02 ","$5,993,199.00 ","$128,894.00 ",0.02
106161203,Clarion Area SD,Clarion,"$3,674,158 ","$202,137.03 ","$3,472,021 ","$2,765,450.58 ","$706,570.28 ","$3,297,378.73 ","$376,779.00 ",0.11
106161703,Clarion-Limestone Area SD,Clarion,"$5,581,151 ",$0.00 ,"$5,581,151 ","$4,907,982.09 ","$673,168.83 ","$5,280,185.46 ","$300,966.00 ",0.06
106166503,Keystone  SD,Clarion,"$7,714,083 ",$0.00 ,"$7,714,083 ","$6,756,699.65 ","$957,382.96 ","$7,250,173.12 ","$463,910.00 ",0.06
106167504,North Clarion County SD,Clarion,"$3,712,055 ",$0.00 ,"$3,712,055 ","$3,308,456.87 ","$403,598.43 ","$3,589,296.09 ","$122,759.00 ",0.03
106168003,Redbank Valley SD,Clarion,"$9,406,177 ",$0.00 ,"$9,406,177 ","$8,448,639.50 ","$957,537.63 ","$8,935,063.06 ","$471,114.00 ",0.05
106169003,Union  SD,Clarion,"$6,322,515 ",$0.00 ,"$6,322,515 ","$5,460,000.14 ","$862,515.32 ","$6,084,223.46 ","$238,292.00 ",0.04
110171003,Clearfield Area SD,Clearfield,"$14,187,314 ",$0.00 ,"$14,187,314 ","$12,062,263.81 ","$2,125,050.18 ","$13,229,598.70 ","$957,715.00 ",0.07
110171803,Curwensville Area SD,Clearfield,"$8,284,448 ",$0.00 ,"$8,284,448 ","$7,181,350.38 ","$1,103,097.14 ","$7,895,399.82 ","$389,048.00 ",0.05
106172003,Dubois Area SD,Clearfield,"$18,555,251 ","$752,511.78 ","$17,802,739 ","$15,172,332.59 ","$2,630,405.98 ","$16,800,316.91 ","$1,754,934.00 ",0.10
110173003,Glendale SD,Clearfield,"$6,251,647 ",$0.00 ,"$6,251,647 ","$5,463,973.50 ","$787,673.62 ","$6,021,951.00 ","$229,696.00 ",0.04
110173504,Harmony Area SD,Clearfield,"$2,946,365 ",$0.00 ,"$2,946,365 ","$2,652,719.53 ","$293,645.51 ","$2,838,527.05 ","$107,838.00 ",0.04
110175003,Moshannon Valley SD,Clearfield,"$7,676,297 ","$212,108.47 ","$7,464,189 ","$6,722,763.32 ","$741,425.45 ","$7,208,073.81 ","$468,223.00 ",0.07
110177003,Philipsburg-Osceola Area SD,Clearfield,"$12,911,002 ",$0.00 ,"$12,911,002 ","$11,264,138.46 ","$1,646,864.00 ","$12,267,152.84 ","$643,849.00 ",0.05
110179003,West Branch Area SD,Clearfield,"$8,268,784 ","$240,855.86 ","$8,027,928 ","$7,186,016.24 ","$841,911.99 ","$7,749,873.92 ","$518,910.00 ",0.07
110183602,Keystone Central SD,Clinton,"$22,504,797 ",$0.00 ,"$22,504,797 ","$19,362,678.18 ","$3,142,119.02 ","$21,438,341.99 ","$1,066,455.00 ",0.05
116191004,Benton Area SD,Columbia,"$3,759,034 ",$0.00 ,"$3,759,034 ","$3,138,374.11 ","$620,660.07 ","$3,481,425.55 ","$277,608.00 ",0.08
116191103,Berwick Area SD,Columbia,"$16,523,397 ","$582,082.04 ","$15,941,315 ","$13,906,646.52 ","$2,034,668.58 ","$15,281,510.77 ","$1,241,886.00 ",0.08
116191203,Bloomsburg Area SD,Columbia,"$6,635,894 ",$0.00 ,"$6,635,894 ","$5,370,738.17 ","$1,265,155.93 ","$6,285,729.59 ","$350,164.00 ",0.06
116191503,Central Columbia SD,Columbia,"$7,373,411 ",$0.00 ,"$7,373,411 ","$6,133,595.11 ","$1,239,816.27 ","$6,929,664.03 ","$443,747.00 ",0.06
116195004,Millville Area SD,Columbia,"$4,494,837 ",$0.00 ,"$4,494,837 ","$3,976,282.08 ","$518,555.22 ","$4,265,649.76 ","$229,187.00 ",0.05
116197503,Southern Columbia Area SD,Columbia,"$5,129,056 ",$0.00 ,"$5,129,056 ","$4,374,723.43 ","$754,332.78 ","$4,869,730.83 ","$259,325.00 ",0.05
105201033,Conneaut SD,Crawford,"$12,055,682 ",$0.00 ,"$12,055,682 ","$10,713,141.95 ","$1,342,539.81 ","$11,430,534.15 ","$625,148.00 ",0.05
105201352,Crawford Central SD,Crawford,"$18,386,141 ",$0.00 ,"$18,386,141 ","$15,385,346.56 ","$3,000,794.20 ","$17,009,159.43 ","$1,376,982.00 ",0.08
105204703,Penncrest SD,Crawford,"$19,730,910 ",$0.00 ,"$19,730,910 ","$18,367,683.17 ","$1,363,226.76 ","$19,195,517.70 ","$535,392.00 ",0.03
115210503,Big Spring SD,Cumberland,"$10,956,549 ",$0.00 ,"$10,956,549 ","$8,942,013.93 ","$2,014,535.01 ","$10,055,306.19 ","$901,243.00 ",0.09
115211003,Camp Hill SD,Cumberland,"$1,971,758 ",$0.00 ,"$1,971,758 ","$1,284,585.66 ","$687,172.45 ","$1,710,314.03 ","$261,444.00 ",0.15
115211103,Carlisle Area SD,Cumberland,"$15,904,147 ",$0.00 ,"$15,904,147 ","$11,826,256.37 ","$4,077,890.66 ","$14,177,277.96 ","$1,726,869.00 ",0.12
115211603,Cumberland Valley SD,Cumberland,"$14,564,122 ",$0.00 ,"$14,564,122 ","$10,092,875.73 ","$4,471,246.73 ","$12,391,077.74 ","$2,173,044.00 ",0.18
115212503,East Pennsboro Area SD,Cumberland,"$7,745,559 ","$458,540.46 ","$7,287,019 ","$5,684,189.94 ","$1,602,828.80 ","$6,666,859.86 ","$1,078,699.00 ",0.16
115216503,Mechanicsburg Area SD,Cumberland,"$8,568,925 ",$0.00 ,"$8,568,925 ","$5,856,857.75 ","$2,712,067.39 ","$7,603,216.16 ","$965,709.00 ",0.13
115218003,Shippensburg Area SD,Cumberland,"$12,036,239 ","$663,902.44 ","$11,372,337 ","$9,051,665.08 ","$2,320,671.90 ","$10,389,515.31 ","$1,646,724.00 ",0.16
115218303,South Middleton SD,Cumberland,"$5,054,881 ",$0.00 ,"$5,054,881 ","$4,098,356.62 ","$956,524.42 ","$4,752,119.45 ","$302,762.00 ",0.06
115221402,Central Dauphin SD,Dauphin,"$23,645,811 ",$0.00 ,"$23,645,811 ","$16,004,019.18 ","$7,641,791.55 ","$20,746,567.27 ","$2,899,244.00 ",0.14
115221753,Derry Township SD,Dauphin,"$4,372,028 ",$0.00 ,"$4,372,028 ","$2,181,881.59 ","$2,190,145.95 ","$3,295,931.03 ","$1,076,097.00 ",0.33
115222504,Halifax Area SD,Dauphin,"$6,051,737 ",$0.00 ,"$6,051,737 ","$5,411,774.88 ","$639,962.28 ","$5,795,096.08 ","$256,641.00 ",0.04
115222752,Harrisburg City SD,Dauphin,"$71,297,205 ","$5,452,923.98 ","$65,844,281 ","$46,783,577.16 ","$19,060,703.39 ","$59,301,897.93 ","$11,995,307.00 ",0.20
115224003,Lower Dauphin SD,Dauphin,"$10,875,352 ",$0.00 ,"$10,875,352 ","$9,161,313.14 ","$1,714,038.96 ","$10,263,395.72 ","$611,956.00 ",0.06
115226003,Middletown Area SD,Dauphin,"$9,264,915 ",$0.00 ,"$9,264,915 ","$7,424,715.39 ","$1,840,199.59 ","$8,726,297.87 ","$538,617.00 ",0.06
115226103,Millersburg Area SD,Dauphin,"$4,733,670 ",$0.00 ,"$4,733,670 ","$3,871,724.99 ","$861,945.23 ","$4,212,508.36 ","$521,162.00 ",0.12
115228003,Steelton-Highspire SD,Dauphin,"$11,225,084 ","$708,852.46 ","$10,516,232 ","$8,038,437.25 ","$2,477,794.75 ","$10,106,947.98 ","$1,118,136.00 ",0.11
115228303,Susquehanna Township SD,Dauphin,"$5,361,379 ",$0.00 ,"$5,361,379 ","$3,432,597.82 ","$1,928,781.04 ","$4,627,816.78 ","$733,562.00 ",0.16
115229003,Upper Dauphin Area SD,Dauphin,"$6,431,707 ",$0.00 ,"$6,431,707 ","$5,519,745.99 ","$911,961.45 ","$6,118,721.33 ","$312,986.00 ",0.05
125231232,Chester-Upland SD,Delaware,"$95,611,389 ","$4,864,688.49 ","$90,746,701 ","$73,742,175.60 ","$17,004,525.38 ","$84,613,852.41 ","$10,997,537.00 ",0.13
125231303,Chichester SD,Delaware,"$11,751,737 ",$0.00 ,"$11,751,737 ","$9,800,529.05 ","$1,951,207.53 ","$11,489,047.25 ","$262,690.00 ",0.02
125234103,Garnet Valley SD,Delaware,"$5,165,009 ",$0.00 ,"$5,165,009 ","$3,781,398.68 ","$1,383,610.63 ","$4,614,038.58 ","$550,970.00 ",0.12
125234502,Haverford Township SD,Delaware,"$5,030,580 ",$0.00 ,"$5,030,580 ","$2,999,989.77 ","$2,030,590.13 ","$3,976,606.35 ","$1,053,974.00 ",0.27
125235103,Interboro SD,Delaware,"$11,197,088 ",$0.00 ,"$11,197,088 ","$8,248,266.56 ","$2,948,821.06 ","$9,916,641.04 ","$1,280,447.00 ",0.13
125235502,Marple Newtown SD,Delaware,"$3,222,338 ",$0.00 ,"$3,222,338 ","$2,462,699.95 ","$759,638.15 ","$2,899,033.27 ","$323,305.00 ",0.11
125236903,Penn-Delco SD,Delaware,"$7,253,913 ",$0.00 ,"$7,253,913 ","$5,902,283.92 ","$1,351,629.44 ","$6,742,590.94 ","$511,322.00 ",0.08
125237603,Radnor Township SD,Delaware,"$2,680,483 ",$0.00 ,"$2,680,483 ","$1,848,138.87 ","$832,344.23 ","$2,390,515.35 ","$289,968.00 ",0.12
125237702,Ridley SD,Delaware,"$13,858,916 ",$0.00 ,"$13,858,916 ","$11,161,324.90 ","$2,697,591.39 ","$12,784,093.05 ","$1,074,823.00 ",0.08
125237903,Rose Tree Media SD,Delaware,"$3,771,072 ",$0.00 ,"$3,771,072 ","$2,714,970.86 ","$1,056,101.21 ","$3,260,148.50 ","$510,924.00 ",0.16
125238402,Southeast Delco SD,Delaware,"$24,959,766 ","$2,111,918.86 ","$22,847,847 ","$15,465,631.75 ","$7,382,215.31 ","$19,300,306.29 ","$5,659,460.00 ",0.29
125238502,Springfield SD,Delaware,"$4,064,771 ",$0.00 ,"$4,064,771 ","$2,643,080.37 ","$1,421,690.41 ","$3,419,308.57 ","$645,462.00 ",0.19
125239452,Upper Darby SD,Delaware,"$55,032,370 ","$4,311,241.87 ","$50,721,128 ","$35,651,176.29 ","$15,069,951.96 ","$44,832,245.56 ","$10,200,124.00 ",0.23
125239603,Wallingford-Swarthmore SD,Delaware,"$4,236,509 ",$0.00 ,"$4,236,509 ","$3,176,630.56 ","$1,059,878.15 ","$3,777,608.21 ","$458,901.00 ",0.12
125239652,William Penn SD,Delaware,"$30,347,150 ","$1,986,463.05 ","$28,360,687 ","$21,417,002.96 ","$6,943,684.38 ","$25,495,145.87 ","$4,852,004.00 ",0.19
109243503,Johnsonburg Area SD,Elk,"$5,517,322 ",$0.00 ,"$5,517,322 ","$4,940,531.58 ","$576,790.00 ","$5,210,956.80 ","$306,365.00 ",0.06
109246003,Ridgway Area SD,Elk,"$5,518,335 ",$0.00 ,"$5,518,335 ","$4,909,284.84 ","$609,050.22 ","$5,313,878.43 ","$204,457.00 ",0.04
109248003,Saint Marys Area SD,Elk,"$7,120,820 ",$0.00 ,"$7,120,820 ","$6,283,477.28 ","$837,342.35 ","$6,842,673.33 ","$278,147.00 ",0.04
105251453,Corry Area SD,Erie,"$15,163,895 ","$538,123.29 ","$14,625,772 ","$12,744,761.10 ","$1,881,010.70 ","$13,834,293.30 ","$1,329,602.00 ",0.10
105252602,Erie City SD,Erie,"$104,119,083 ","$6,672,321.35 ","$97,446,762 ","$74,123,653.31 ","$23,323,108.59 ","$88,302,621.78 ","$15,816,461.00 ",0.18
105253303,Fairview SD,Erie,"$3,827,524 ",$0.00 ,"$3,827,524 ","$2,993,662.06 ","$833,861.69 ","$3,434,153.71 ","$393,370.00 ",0.11
105253553,Fort LeBoeuf SD,Erie,"$7,657,046 ",$0.00 ,"$7,657,046 ","$6,549,616.73 ","$1,107,429.02 ","$7,321,219.16 ","$335,827.00 ",0.05
105253903,General McLane SD,Erie,"$11,228,631 ",$0.00 ,"$11,228,631 ","$10,205,272.96 ","$1,023,358.16 ","$10,701,076.36 ","$527,555.00 ",0.05
105254053,Girard SD,Erie,"$9,864,405 ","$341,767.34 ","$9,522,638 ","$8,327,989.73 ","$1,194,648.20 ","$9,429,171.21 ","$435,234.00 ",0.05
105254353,Harbor Creek SD,Erie,"$9,731,820 ",$0.00 ,"$9,731,820 ","$8,564,449.45 ","$1,167,370.42 ","$9,282,873.74 ","$448,946.00 ",0.05
105256553,Iroquois SD,Erie,"$9,885,778 ",$0.00 ,"$9,885,778 ","$8,190,179.21 ","$1,695,598.43 ","$8,983,452.66 ","$902,325.00 ",0.10
105257602,Millcreek Township SD,Erie,"$16,417,330 ",$0.00 ,"$16,417,330 ","$13,304,085.95 ","$3,113,244.36 ","$15,273,360.67 ","$1,143,969.00 ",0.07
105258303,North East SD,Erie,"$9,431,104 ",$0.00 ,"$9,431,104 ","$8,303,240.53 ","$1,127,863.05 ","$9,013,209.90 ","$417,894.00 ",0.05
105258503,Northwestern  SD,Erie,"$9,875,611 ","$205,827.49 ","$9,669,784 ","$8,950,314.13 ","$719,470.29 ","$9,508,650.18 ","$366,961.00 ",0.04
105259103,Union City Area SD,Erie,"$10,106,309 ",$0.00 ,"$10,106,309 ","$9,107,949.33 ","$998,359.72 ","$9,710,624.09 ","$395,685.00 ",0.04
105259703,Wattsburg Area SD,Erie,"$7,521,947 ",$0.00 ,"$7,521,947 ","$6,532,990.88 ","$988,956.04 ","$7,011,101.38 ","$510,846.00 ",0.07
101260303,Albert Gallatin Area SD,Fayette,"$25,709,073 ","$651,220.45 ","$25,057,853 ","$22,781,510.61 ","$2,276,341.99 ","$24,595,886.16 ","$1,113,187.00 ",0.05
101260803,Brownsville Area SD,Fayette,"$14,621,719 ","$566,385.28 ","$14,055,334 ","$12,075,533.23 ","$1,979,800.55 ","$13,620,191.98 ","$1,001,527.00 ",0.07
101261302,Connellsville Area SD,Fayette,"$33,472,494 ","$879,541.86 ","$32,592,952 ","$29,518,512.55 ","$3,074,439.81 ","$31,403,825.48 ","$2,068,669.00 ",0.07
101262903,Frazier SD,Fayette,"$7,432,266 ",$0.00 ,"$7,432,266 ","$6,671,408.99 ","$760,856.72 ","$7,076,387.01 ","$355,879.00 ",0.05
101264003,Laurel Highlands SD,Fayette,"$16,833,644 ","$711,396.93 ","$16,122,247 ","$13,635,558.02 ","$2,486,688.95 ","$15,182,618.98 ","$1,651,025.00 ",0.11
101268003,Uniontown Area SD,Fayette,"$19,037,469 ","$855,743.34 ","$18,181,726 ","$15,190,473.49 ","$2,991,252.05 ","$16,655,731.32 ","$2,381,738.00 ",0.14
106272003,Forest Area SD,Forest,"$3,000,266 ",$0.00 ,"$3,000,266 ","$2,496,827.38 ","$503,438.58 ","$2,978,140.19 ","$22,126.00 ",0.01
112281302,Chambersburg Area SD,Franklin,"$26,308,413 ",$0.00 ,"$26,308,413 ","$19,338,839.46 ","$6,969,573.23 ","$23,244,017.09 ","$3,064,396.00 ",0.13
112282004,Fannett-Metal SD,Franklin,"$2,604,775 ","$78,870.81 ","$2,525,904 ","$2,250,210.60 ","$275,693.03 ","$2,468,624.63 ","$136,150.00 ",0.06
112283003,Greencastle-Antrim SD,Franklin,"$7,421,768 ",$0.00 ,"$7,421,768 ","$5,682,189.18 ","$1,739,579.28 ","$6,683,762.11 ","$738,006.00 ",0.11
112286003,Tuscarora SD,Franklin,"$9,056,978 ",$0.00 ,"$9,056,978 ","$7,857,773.32 ","$1,199,204.77 ","$8,612,597.52 ","$444,380.00 ",0.05
112289003,Waynesboro Area SD,Franklin,"$15,759,891 ",$0.00 ,"$15,759,891 ","$12,608,363.85 ","$3,151,526.88 ","$14,444,128.91 ","$1,315,762.00 ",0.09
111291304,Central Fulton SD,Fulton,"$6,151,216 ",$0.00 ,"$6,151,216 ","$5,290,089.77 ","$861,126.41 ","$5,865,660.68 ","$285,555.00 ",0.05
111292304,Forbes Road SD,Fulton,"$3,137,479 ",$0.00 ,"$3,137,479 ","$2,761,259.40 ","$376,219.28 ","$2,965,651.46 ","$171,828.00 ",0.06
111297504,Southern Fulton SD,Fulton,"$4,762,592 ",$0.00 ,"$4,762,592 ","$4,304,212.27 ","$458,379.72 ","$4,592,559.22 ","$170,033.00 ",0.04
101301303,Carmichaels Area SD,Greene,"$7,639,947 ",$0.00 ,"$7,639,947 ","$6,675,656.29 ","$964,290.98 ","$7,313,845.95 ","$326,101.00 ",0.04
101301403,Central Greene SD,Greene,"$9,248,555 ",$0.00 ,"$9,248,555 ","$7,958,262.72 ","$1,290,291.81 ","$8,810,166.06 ","$438,389.00 ",0.05
101303503,Jefferson-Morgan SD,Greene,"$5,755,988 ",$0.00 ,"$5,755,988 ","$5,278,929.62 ","$477,058.53 ","$5,556,608.81 ","$199,379.00 ",0.04
101306503,Southeastern Greene SD,Greene,"$5,576,179 ","$151,113.38 ","$5,425,066 ","$4,896,848.83 ","$528,217.04 ","$5,211,781.83 ","$364,397.00 ",0.07
101308503,West Greene SD,Greene,"$3,994,963 ",$0.00 ,"$3,994,963 ","$3,160,314.02 ","$834,648.64 ","$3,654,826.52 ","$340,136.00 ",0.09
111312503,Huntingdon Area SD,Huntingdon,"$9,274,016 ","$335,356.30 ","$8,938,660 ","$7,766,421.66 ","$1,172,238.43 ","$8,572,667.15 ","$701,349.00 ",0.08
111312804,Juniata Valley SD,Huntingdon,"$5,427,966 ",$0.00 ,"$5,427,966 ","$4,849,841.65 ","$578,124.05 ","$5,194,483.51 ","$233,482.00 ",0.04
111316003,Mount Union Area SD,Huntingdon,"$10,259,889 ","$374,927.07 ","$9,884,962 ","$8,574,403.44 ","$1,310,558.11 ","$9,399,576.59 ","$860,312.00 ",0.09
111317503,Southern Huntingdon County SD,Huntingdon,"$7,588,601 ","$199,864.78 ","$7,388,736 ","$6,690,108.49 ","$698,627.63 ","$7,158,881.94 ","$429,719.00 ",0.06
128323303,Homer-Center SD,Indiana,"$6,663,143 ",$0.00 ,"$6,663,143 ","$5,323,316.67 ","$1,339,826.77 ","$5,888,725.77 ","$774,417.00 ",0.13
128323703,Indiana Area SD,Indiana,"$11,206,925 ",$0.00 ,"$11,206,925 ","$8,801,298.97 ","$2,405,626.38 ","$10,234,713.89 ","$972,211.00 ",0.10
128325203,Marion Center Area SD,Indiana,"$10,474,428 ",$0.00 ,"$10,474,428 ","$9,178,491.04 ","$1,295,936.84 ","$9,920,817.50 ","$553,611.00 ",0.06
128326303,Penns Manor Area SD,Indiana,"$7,818,292 ",$0.00 ,"$7,818,292 ","$7,116,357.83 ","$701,933.76 ","$7,505,622.85 ","$312,669.00 ",0.04
128327303,Purchase Line SD,Indiana,"$9,297,358 ",$0.00 ,"$9,297,358 ","$8,580,875.60 ","$716,482.39 ","$9,082,733.60 ","$214,624.00 ",0.02
128321103,River Valley SD,Indiana,"$10,162,913 ",$0.00 ,"$10,162,913 ","$9,115,253.75 ","$1,047,659.53 ","$9,772,906.01 ","$390,007.00 ",0.04
128328003,United SD,Indiana,"$9,286,790 ",$0.00 ,"$9,286,790 ","$8,608,399.91 ","$678,390.07 ","$9,079,008.35 ","$207,782.00 ",0.02
106330703,Brockway Area SD,Jefferson,"$7,605,856 ",$0.00 ,"$7,605,856 ","$6,815,226.16 ","$790,629.64 ","$7,216,780.61 ","$389,075.00 ",0.05
106330803,Brookville Area SD,Jefferson,"$9,753,453 ",$0.00 ,"$9,753,453 ","$8,661,899.06 ","$1,091,554.17 ","$9,382,558.60 ","$370,894.00 ",0.04
106338003,Punxsutawney Area SD,Jefferson,"$17,116,569 ","$471,295.85 ","$16,645,273 ","$14,997,857.30 ","$1,647,415.29 ","$15,970,720.49 ","$1,145,849.00 ",0.07
111343603,Juniata County SD,Juniata,"$11,381,531 ",$0.00 ,"$11,381,531 ","$9,818,300.85 ","$1,563,229.99 ","$10,733,125.62 ","$648,405.00 ",0.06
119350303,Abington Heights SD,Lackawanna,"$7,370,508 ",$0.00 ,"$7,370,508 ","$6,008,786.53 ","$1,361,721.31 ","$6,768,430.93 ","$602,077.00 ",0.09
119351303,Carbondale Area SD,Lackawanna,"$11,413,880 ","$731,443.70 ","$10,682,436 ","$8,125,674.01 ","$2,556,762.46 ","$9,740,618.77 ","$1,673,261.00 ",0.17
119352203,Dunmore SD,Lackawanna,"$4,852,373 ",$0.00 ,"$4,852,373 ","$4,093,050.78 ","$759,322.54 ","$4,558,489.94 ","$293,883.00 ",0.06
119354603,Lakeland SD,Lackawanna,"$5,816,983 ",$0.00 ,"$5,816,983 ","$5,200,863.44 ","$616,119.70 ","$5,597,917.10 ","$219,066.00 ",0.04
119355503,Mid Valley SD,Lackawanna,"$6,595,091 ","$563,810.47 ","$6,031,281 ","$4,060,480.85 ","$1,970,800.27 ","$5,144,474.55 ","$1,450,616.00 ",0.28
119356503,North Pocono SD,Lackawanna,"$9,517,924 ",$0.00 ,"$9,517,924 ","$8,006,040.57 ","$1,511,883.37 ","$9,060,684.95 ","$457,239.00 ",0.05
119356603,Old Forge SD,Lackawanna,"$3,456,074 ",$0.00 ,"$3,456,074 ","$2,893,435.78 ","$562,637.97 ","$3,177,931.49 ","$278,143.00 ",0.09
119357003,Riverside  SD,Lackawanna,"$6,138,402 ",$0.00 ,"$6,138,402 ","$4,576,344.64 ","$1,562,056.88 ","$5,892,469.15 ","$245,933.00 ",0.04
119357402,Scranton SD,Lackawanna,"$62,483,508 ","$5,146,267.08 ","$57,337,241 ","$39,348,457.13 ","$17,988,783.76 ","$51,002,806.98 ","$11,480,701.00 ",0.23
119358403,Valley View SD,Lackawanna,"$9,184,706 ",$0.00 ,"$9,184,706 ","$7,511,384.38 ","$1,673,321.39 ","$8,441,594.21 ","$743,112.00 ",0.09
113361303,Cocalico SD,Lancaster,"$8,465,675 ",$0.00 ,"$8,465,675 ","$6,871,192.56 ","$1,594,482.75 ","$7,809,037.96 ","$656,637.00 ",0.08
113361503,Columbia Borough SD,Lancaster,"$10,032,244 ","$756,783.16 ","$9,275,461 ","$6,630,124.40 ","$2,645,336.59 ","$8,459,701.96 ","$1,572,542.00 ",0.19
113361703,Conestoga Valley SD,Lancaster,"$6,238,900 ",$0.00 ,"$6,238,900 ","$3,209,567.42 ","$3,029,332.87 ","$5,326,248.07 ","$912,652.00 ",0.17
113362203,Donegal SD,Lancaster,"$8,521,403 ",$0.00 ,"$8,521,403 ","$6,633,200.31 ","$1,888,202.98 ","$7,857,493.87 ","$663,909.00 ",0.08
113362303,Eastern Lancaster County SD,Lancaster,"$5,418,959 ",$0.00 ,"$5,418,959 ","$3,984,335.47 ","$1,434,623.86 ","$4,996,584.67 ","$422,374.00 ",0.08
113362403,Elizabethtown Area SD,Lancaster,"$10,319,024 ",$0.00 ,"$10,319,024 ","$8,278,330.94 ","$2,040,692.97 ","$9,344,744.92 ","$974,279.00 ",0.10
113362603,Ephrata Area SD,Lancaster,"$13,027,930 ","$838,864.87 ","$12,189,065 ","$9,256,812.07 ","$2,932,253.31 ","$11,085,411.25 ","$1,942,519.00 ",0.18
113363103,Hempfield  SD,Lancaster,"$15,403,384 ",$0.00 ,"$15,403,384 ","$11,873,865.78 ","$3,529,518.63 ","$14,148,701.56 ","$1,254,682.00 ",0.09
113363603,Lampeter-Strasburg SD,Lancaster,"$5,039,409 ",$0.00 ,"$5,039,409 ","$3,718,786.77 ","$1,320,621.76 ","$4,576,636.46 ","$462,773.00 ",0.10
113364002,Lancaster SD,Lancaster,"$73,053,329 ","$3,793,079.24 ","$69,260,250 ","$56,001,536.43 ","$13,258,713.77 ","$67,084,670.06 ","$5,968,659.00 ",0.09
113364403,Manheim Central SD,Lancaster,"$8,234,468 ",$0.00 ,"$8,234,468 ","$6,491,268.31 ","$1,743,199.98 ","$7,574,235.16 ","$660,233.00 ",0.09
113364503,Manheim Township SD,Lancaster,"$8,086,384 ",$0.00 ,"$8,086,384 ","$4,731,473.51 ","$3,354,910.97 ","$6,744,115.84 ","$1,342,268.00 ",0.20
113365203,Penn Manor SD,Lancaster,"$13,658,582 ",$0.00 ,"$13,658,582 ","$10,761,583.78 ","$2,896,997.88 ","$12,631,785.25 ","$1,026,797.00 ",0.08
113365303,Pequea Valley SD,Lancaster,"$3,183,309 ",$0.00 ,"$3,183,309 ","$2,536,318.69 ","$646,990.48 ","$2,980,651.48 ","$202,658.00 ",0.07
113367003,Solanco SD,Lancaster,"$11,312,241 ",$0.00 ,"$11,312,241 ","$9,534,552.28 ","$1,777,688.85 ","$10,663,797.73 ","$648,443.00 ",0.06
113369003,Warwick SD,Lancaster,"$11,324,558 ",$0.00 ,"$11,324,558 ","$9,182,219.24 ","$2,142,338.51 ","$10,702,114.35 ","$622,444.00 ",0.06
104372003,Ellwood City Area SD,Lawrence,"$12,186,406 ",$0.00 ,"$12,186,406 ","$11,117,560.07 ","$1,068,845.51 ","$11,732,947.51 ","$453,458.00 ",0.04
104374003,Laurel  SD,Lawrence,"$7,766,975 ",$0.00 ,"$7,766,975 ","$7,386,071.83 ","$380,902.83 ","$7,631,731.03 ","$135,244.00 ",0.02
104375003,Mohawk Area SD,Lawrence,"$10,657,630 ",$0.00 ,"$10,657,630 ","$9,689,968.49 ","$967,661.38 ","$10,198,479.21 ","$459,151.00 ",0.05
104375203,Neshannock Township SD,Lawrence,"$3,517,099 ",$0.00 ,"$3,517,099 ","$3,054,695.11 ","$462,403.82 ","$3,351,942.01 ","$165,157.00 ",0.05
104375302,New Castle Area SD,Lawrence,"$30,079,055 ","$1,684,183.37 ","$28,394,872 ","$22,507,806.82 ","$5,887,065.32 ","$26,078,189.49 ","$4,000,866.00 ",0.15
104376203,Shenango Area SD,Lawrence,"$7,666,730 ",$0.00 ,"$7,666,730 ","$7,124,956.47 ","$541,773.36 ","$7,541,556.69 ","$125,173.00 ",0.02
104377003,Union Area SD,Lawrence,"$5,183,991 ",$0.00 ,"$5,183,991 ","$4,573,974.14 ","$610,016.40 ","$4,925,751.30 ","$258,240.00 ",0.05
104378003,Wilmington Area SD,Lawrence,"$6,023,723 ",$0.00 ,"$6,023,723 ","$5,504,949.42 ","$518,773.12 ","$5,834,193.59 ","$189,529.00 ",0.03
113380303,Annville-Cleona SD,Lebanon,"$5,304,050 ",$0.00 ,"$5,304,050 ","$4,395,994.49 ","$908,055.45 ","$4,967,874.19 ","$336,176.00 ",0.07
113381303,Cornwall-Lebanon SD,Lebanon,"$12,714,775 ",$0.00 ,"$12,714,775 ","$9,555,313.28 ","$3,159,461.69 ","$11,380,530.20 ","$1,334,245.00 ",0.12
113382303,Eastern Lebanon County SD,Lebanon,"$5,843,714 ",$0.00 ,"$5,843,714 ","$4,611,547.67 ","$1,232,166.24 ","$5,490,088.68 ","$353,625.00 ",0.06
113384603,Lebanon SD,Lebanon,"$40,806,278 ","$3,019,456.17 ","$37,786,822 ","$27,232,308.35 ","$10,554,513.27 ","$33,574,647.98 ","$7,231,630.00 ",0.22
113385003,Northern Lebanon SD,Lebanon,"$8,716,983 ",$0.00 ,"$8,716,983 ","$7,335,501.33 ","$1,381,481.26 ","$8,227,993.53 ","$488,989.00 ",0.06
113385303,Palmyra Area SD,Lebanon,"$8,223,319 ",$0.00 ,"$8,223,319 ","$5,928,921.67 ","$2,294,397.40 ","$7,254,976.64 ","$968,342.00 ",0.13
121390302,Allentown City SD,Lehigh,"$172,454,231 ","$15,173,151.42 ","$157,281,080 ","$104,243,308.05 ","$53,037,771.93 ","$136,813,260.30 ","$35,640,971.00 ",0.26
121391303,Catasauqua Area SD,Lehigh,"$5,296,780 ",$0.00 ,"$5,296,780 ","$3,907,095.18 ","$1,389,684.66 ","$4,948,389.63 ","$348,390.00 ",0.07
121392303,East Penn SD,Lehigh,"$15,389,330 ",$0.00 ,"$15,389,330 ","$10,676,468.65 ","$4,712,861.09 ","$13,315,525.36 ","$2,073,805.00 ",0.16
121394503,Northern Lehigh SD,Lehigh,"$7,832,172 ",$0.00 ,"$7,832,172 ","$6,710,288.10 ","$1,121,884.12 ","$7,242,379.99 ","$589,792.00 ",0.08
121394603,Northwestern Lehigh SD,Lehigh,"$6,179,832 ",$0.00 ,"$6,179,832 ","$5,418,339.89 ","$761,491.61 ","$5,872,497.41 ","$307,335.00 ",0.05
121395103,Parkland SD,Lehigh,"$11,876,577 ",$0.00 ,"$11,876,577 ","$6,670,985.23 ","$5,205,592.25 ","$9,658,760.08 ","$2,217,817.00 ",0.23
121395603,Salisbury Township SD,Lehigh,"$3,143,247 ",$0.00 ,"$3,143,247 ","$2,181,223.31 ","$962,024.18 ","$2,740,986.85 ","$402,260.00 ",0.15
121395703,Southern Lehigh SD,Lehigh,"$5,301,580 ",$0.00 ,"$5,301,580 ","$4,252,842.66 ","$1,048,737.54 ","$4,911,463.25 ","$390,117.00 ",0.08
121397803,Whitehall-Coplay SD,Lehigh,"$10,675,587 ",$0.00 ,"$10,675,587 ","$7,018,762.90 ","$3,656,824.15 ","$9,192,985.50 ","$1,482,602.00 ",0.16
118401403,Crestwood SD,Luzerne,"$8,094,313 ",$0.00 ,"$8,094,313 ","$6,983,632.56 ","$1,110,680.28 ","$7,617,880.40 ","$476,433.00 ",0.06
118401603,Dallas SD,Luzerne,"$6,677,325 ",$0.00 ,"$6,677,325 ","$5,594,196.71 ","$1,083,128.69 ","$6,226,002.25 ","$451,323.00 ",0.07
118402603,Greater Nanticoke Area SD,Luzerne,"$14,092,835 ","$774,228.80 ","$13,318,606 ","$10,612,288.41 ","$2,706,317.85 ","$11,973,313.57 ","$2,119,521.00 ",0.18
118403003,Hanover Area SD,Luzerne,"$11,021,950 ","$820,474.90 ","$10,201,475 ","$7,333,503.68 ","$2,867,971.15 ","$9,076,624.83 ","$1,945,325.00 ",0.21
118403302,Hazleton Area SD,Luzerne,"$56,081,791 ","$4,530,341.39 ","$51,551,450 ","$35,715,635.04 ","$15,835,814.64 ","$44,170,479.22 ","$11,911,312.00 ",0.27
118403903,Lake-Lehman SD,Luzerne,"$7,236,865 ",$0.00 ,"$7,236,865 ","$6,594,018.33 ","$642,846.72 ","$7,018,948.17 ","$217,917.00 ",0.03
118406003,Northwest Area SD,Luzerne,"$7,493,197 ",$0.00 ,"$7,493,197 ","$7,041,196.85 ","$452,000.52 ","$7,336,787.99 ","$156,409.00 ",0.02
118406602,Pittston Area SD,Luzerne,"$12,046,216 ",$0.00 ,"$12,046,216 ","$9,102,046.49 ","$2,944,169.38 ","$10,520,907.70 ","$1,525,308.00 ",0.15
118408852,Wilkes-Barre Area SD,Luzerne,"$42,920,852 ","$3,874,575.10 ","$39,046,277 ","$25,502,694.27 ","$13,543,582.65 ","$33,875,005.36 ","$9,045,847.00 ",0.27
118409203,Wyoming Area SD,Luzerne,"$8,996,652 ",$0.00 ,"$8,996,652 ","$7,594,559.88 ","$1,402,091.92 ","$8,401,431.64 ","$595,220.00 ",0.07
118409302,Wyoming Valley West SD,Luzerne,"$25,989,834 ","$1,548,574.95 ","$24,441,259 ","$19,028,213.22 ","$5,413,045.90 ","$21,860,689.28 ","$4,129,145.00 ",0.19
117412003,East Lycoming SD,Lycoming,"$8,900,339 ",$0.00 ,"$8,900,339 ","$7,970,134.95 ","$930,203.94 ","$8,542,635.16 ","$357,704.00 ",0.04
117414003,Jersey Shore Area SD,Lycoming,"$14,247,390 ",$0.00 ,"$14,247,390 ","$12,574,676.04 ","$1,672,714.19 ","$13,640,811.95 ","$606,578.00 ",0.04
117414203,Loyalsock Township SD,Lycoming,"$3,998,740 ",$0.00 ,"$3,998,740 ","$2,778,934.87 ","$1,219,805.49 ","$3,577,468.50 ","$421,272.00 ",0.12
117415004,Montgomery Area SD,Lycoming,"$6,146,665 ",$0.00 ,"$6,146,665 ","$5,003,897.88 ","$1,142,767.02 ","$5,499,909.59 ","$646,755.00 ",0.12
117415103,Montoursville Area SD,Lycoming,"$7,850,051 ",$0.00 ,"$7,850,051 ","$6,665,563.96 ","$1,184,487.35 ","$7,332,992.66 ","$517,058.00 ",0.07
117415303,Muncy SD,Lycoming,"$4,388,882 ",$0.00 ,"$4,388,882 ","$3,695,697.39 ","$693,184.83 ","$4,217,697.22 ","$171,185.00 ",0.04
117416103,South Williamsport Area SD,Lycoming,"$6,675,587 ",$0.00 ,"$6,675,587 ","$5,773,754.68 ","$901,831.96 ","$6,340,559.78 ","$335,027.00 ",0.05
117417202,Williamsport Area SD,Lycoming,"$33,918,915 ","$2,062,306.99 ","$31,856,608 ","$24,647,810.59 ","$7,208,796.96 ","$27,991,368.35 ","$5,927,547.00 ",0.21
109420803,Bradford Area SD,McKean,"$15,159,523 ",$0.00 ,"$15,159,523 ","$12,432,657.40 ","$2,726,865.28 ","$13,942,888.12 ","$1,216,635.00 ",0.09
109422303,Kane Area SD,McKean,"$9,261,921 ",$0.00 ,"$9,261,921 ","$8,035,521.11 ","$1,226,399.46 ","$8,759,989.54 ","$501,931.00 ",0.06
109426003,Otto-Eldred SD,McKean,"$6,018,730 ",$0.00 ,"$6,018,730 ","$5,453,659.73 ","$565,069.89 ","$5,815,917.80 ","$202,812.00 ",0.03
109426303,Port Allegany SD,McKean,"$8,075,631 ","$237,211.74 ","$7,838,419 ","$7,009,245.45 ","$829,173.96 ","$7,576,534.72 ","$499,096.00 ",0.07
109427503,Smethport Area SD,McKean,"$7,320,348 ",$0.00 ,"$7,320,348 ","$6,237,469.32 ","$1,082,878.39 ","$6,776,433.28 ","$543,915.00 ",0.08
104431304,Commodore Perry SD,Mercer,"$4,094,186 ",$0.00 ,"$4,094,186 ","$3,732,144.55 ","$362,041.13 ","$3,948,986.69 ","$145,199.00 ",0.04
104432503,Farrell Area SD,Mercer,"$10,417,040 ","$732,983.89 ","$9,684,056 ","$7,121,909.81 ","$2,562,146.22 ","$8,355,134.82 ","$2,061,905.00 ",0.25
104432803,Greenville Area SD,Mercer,"$8,256,260 ","$344,471.61 ","$7,911,788 ","$6,707,687.42 ","$1,204,100.99 ","$7,419,657.66 ","$836,602.00 ",0.11
104432903,Grove City Area SD,Mercer,"$8,778,981 ",$0.00 ,"$8,778,981 ","$7,999,412.10 ","$779,568.46 ","$8,475,382.99 ","$303,598.00 ",0.04
104433303,Hermitage SD,Mercer,"$6,988,190 ",$0.00 ,"$6,988,190 ","$5,672,898.08 ","$1,315,292.34 ","$6,498,365.75 ","$489,824.00 ",0.08
104433604,Jamestown Area SD,Mercer,"$3,292,568 ",$0.00 ,"$3,292,568 ","$2,937,816.19 ","$354,751.66 ","$3,176,685.38 ","$115,883.00 ",0.04
104433903,Lakeview SD,Mercer,"$6,955,308 ",$0.00 ,"$6,955,308 ","$6,486,475.00 ","$468,833.19 ","$6,781,907.07 ","$173,401.00 ",0.03
104435003,Mercer Area SD,Mercer,"$6,004,520 ","$159,627.44 ","$5,844,893 ","$5,286,915.16 ","$557,977.94 ","$5,631,443.17 ","$373,077.00 ",0.07
104435303,Reynolds SD,Mercer,"$8,503,421 ",$0.00 ,"$8,503,421 ","$7,757,893.36 ","$745,527.93 ","$8,130,115.98 ","$373,305.00 ",0.05
104435603,Sharon City SD,Mercer,"$19,791,134 ","$1,255,137.16 ","$18,535,997 ","$14,148,663.55 ","$4,387,333.68 ","$16,904,838.09 ","$2,886,296.00 ",0.17
104435703,Sharpsville Area SD,Mercer,"$6,940,224 ",$0.00 ,"$6,940,224 ","$6,023,283.14 ","$916,940.76 ","$6,546,400.59 ","$393,823.00 ",0.06
104437503,West Middlesex Area SD,Mercer,"$5,599,906 ",$0.00 ,"$5,599,906 ","$5,231,657.52 ","$368,248.94 ","$5,503,502.73 ","$96,403.00 ",0.02
111444602,Mifflin County SD,Mifflin,"$24,732,010 ","$1,103,709.10 ","$23,628,301 ","$19,770,283.95 ","$3,858,016.69 ","$22,118,356.36 ","$2,613,654.00 ",0.12
120452003,East Stroudsburg Area SD,Monroe,"$21,289,924 ",$0.00 ,"$21,289,924 ","$13,203,910.69 ","$8,086,013.50 ","$18,273,859.71 ","$3,016,064.00 ",0.17
120455203,Pleasant Valley SD,Monroe,"$23,798,427 ",$0.00 ,"$23,798,427 ","$21,498,394.37 ","$2,300,032.51 ","$23,052,649.20 ","$745,778.00 ",0.03
120455403,Pocono Mountain SD,Monroe,"$31,736,200 ",$0.00 ,"$31,736,200 ","$23,917,396.12 ","$7,818,803.43 ","$29,761,380.08 ","$1,974,820.00 ",0.07
120456003,Stroudsburg Area SD,Monroe,"$18,373,540 ",$0.00 ,"$18,373,540 ","$12,698,138.90 ","$5,675,401.02 ","$15,879,728.95 ","$2,493,811.00 ",0.16
123460302,Abington  SD,Montgomery,"$9,374,878 ",$0.00 ,"$9,374,878 ","$5,793,682.98 ","$3,581,195.49 ","$7,756,717.51 ","$1,618,160.00 ",0.21
123460504,Bryn Athyn SD,Montgomery,"$34,388 ",$0.00 ,"$34,388 ","$34,363.77 ",$24.56 ,"$34,369.14 ",$19.00 ,0.00
123461302,Cheltenham Township SD,Montgomery,"$6,001,455 ",$0.00 ,"$6,001,455 ","$4,334,834.48 ","$1,666,620.82 ","$5,422,307.48 ","$579,148.00 ",0.11
123461602,Colonial SD,Montgomery,"$4,315,184 ",$0.00 ,"$4,315,184 ","$2,862,103.59 ","$1,453,080.59 ","$3,757,572.44 ","$557,612.00 ",0.15
123463603,Hatboro-Horsham SD,Montgomery,"$6,300,544 ",$0.00 ,"$6,300,544 ","$4,419,973.52 ","$1,880,570.72 ","$5,528,042.21 ","$772,502.00 ",0.14
123463803,Jenkintown SD,Montgomery,"$1,003,985 ",$0.00 ,"$1,003,985 ","$798,512.87 ","$205,472.17 ","$931,481.56 ","$72,503.00 ",0.08
123464502,Lower Merion SD,Montgomery,"$5,090,554 ",$0.00 ,"$5,090,554 ","$3,497,127.54 ","$1,593,426.69 ","$4,463,021.44 ","$627,533.00 ",0.14
123464603,Lower Moreland Township SD,Montgomery,"$3,165,676 ",$0.00 ,"$3,165,676 ","$1,935,595.26 ","$1,230,080.25 ","$2,632,047.74 ","$533,628.00 ",0.20
123465303,Methacton SD,Montgomery,"$7,882,858 ",$0.00 ,"$7,882,858 ","$6,401,299.49 ","$1,481,558.13 ","$7,233,555.27 ","$649,303.00 ",0.09
123465602,Norristown Area SD,Montgomery,"$21,115,946 ","$2,128,835.75 ","$18,987,110 ","$11,545,762.11 ","$7,441,348.34 ","$16,294,349.32 ","$4,821,597.00 ",0.30
123465702,North Penn SD,Montgomery,"$14,433,101 ",$0.00 ,"$14,433,101 ","$8,946,721.92 ","$5,486,379.02 ","$11,810,994.89 ","$2,622,106.00 ",0.22
123466103,Perkiomen Valley SD,Montgomery,"$7,584,185 ",$0.00 ,"$7,584,185 ","$5,826,786.01 ","$1,757,399.04 ","$6,905,014.09 ","$679,171.00 ",0.10
123466303,Pottsgrove SD,Montgomery,"$9,374,557 ",$0.00 ,"$9,374,557 ","$7,681,957.03 ","$1,692,600.08 ","$8,759,556.38 ","$615,001.00 ",0.07
123466403,Pottstown SD,Montgomery,"$17,160,076 ","$1,593,426.75 ","$15,566,649 ","$9,996,823.99 ","$5,569,825.44 ","$13,622,350.62 ","$3,537,725.00 ",0.26
123467103,Souderton Area SD,Montgomery,"$10,944,695 ",$0.00 ,"$10,944,695 ","$8,663,374.49 ","$2,281,320.25 ","$10,251,772.51 ","$692,922.00 ",0.07
123467203,Springfield Township SD,Montgomery,"$2,174,439 ",$0.00 ,"$2,174,439 ","$1,226,734.38 ","$947,704.95 ","$1,698,444.03 ","$475,995.00 ",0.28
123467303,Spring-Ford Area SD,Montgomery,"$12,215,625 ",$0.00 ,"$12,215,625 ","$8,782,420.88 ","$3,433,204.07 ","$10,620,070.53 ","$1,595,554.00 ",0.15
123468303,Upper Dublin SD,Montgomery,"$3,529,371 ",$0.00 ,"$3,529,371 ","$2,593,693.20 ","$935,678.10 ","$3,178,414.98 ","$350,956.00 ",0.11
123468402,Upper Merion Area SD,Montgomery,"$3,530,742 ",$0.00 ,"$3,530,742 ","$2,030,114.02 ","$1,500,628.33 ","$2,906,900.17 ","$623,842.00 ",0.21
123468503,Upper Moreland Township SD,Montgomery,"$5,106,000 ",$0.00 ,"$5,106,000 ","$3,157,044.20 ","$1,948,955.89 ","$4,203,165.17 ","$902,835.00 ",0.21
123468603,Upper Perkiomen SD,Montgomery,"$9,694,744 ",$0.00 ,"$9,694,744 ","$8,323,632.52 ","$1,371,111.40 ","$9,291,155.04 ","$403,589.00 ",0.04
123469303,Wissahickon SD,Montgomery,"$3,692,819 ",$0.00 ,"$3,692,819 ","$2,355,197.01 ","$1,337,621.64 ","$3,110,398.69 ","$582,420.00 ",0.19
116471803,Danville Area SD,Montour,"$8,177,298 ",$0.00 ,"$8,177,298 ","$6,892,905.04 ","$1,284,393.35 ","$7,776,642.48 ","$400,656.00 ",0.05
120480803,Bangor Area SD,Northampton,"$11,252,656 ",$0.00 ,"$11,252,656 ","$9,045,291.73 ","$2,207,364.25 ","$10,340,421.29 ","$912,235.00 ",0.09
120481002,Bethlehem Area SD,Northampton,"$46,650,383 ","$3,807,664.84 ","$42,842,718 ","$29,533,020.01 ","$13,309,697.75 ","$37,681,609.81 ","$8,968,773.00 ",0.24
120483302,Easton Area SD,Northampton,"$25,062,029 ",$0.00 ,"$25,062,029 ","$19,004,947.75 ","$6,057,081.40 ","$22,836,465.50 ","$2,225,564.00 ",0.10
120484803,Nazareth Area SD,Northampton,"$11,370,944 ",$0.00 ,"$11,370,944 ","$8,314,855.83 ","$3,056,088.11 ","$9,994,397.38 ","$1,376,547.00 ",0.14
120484903,Northampton Area SD,Northampton,"$16,717,064 ",$0.00 ,"$16,717,064 ","$12,917,959.25 ","$3,799,105.22 ","$15,113,672.96 ","$1,603,391.00 ",0.11
120485603,Pen Argyl Area SD,Northampton,"$5,643,074 ",$0.00 ,"$5,643,074 ","$4,544,075.85 ","$1,098,998.31 ","$5,189,844.57 ","$453,229.00 ",0.09
120486003,Saucon Valley SD,Northampton,"$3,915,285 ",$0.00 ,"$3,915,285 ","$2,838,285.31 ","$1,076,999.79 ","$3,510,484.34 ","$404,801.00 ",0.12
120488603,Wilson Area SD,Northampton,"$6,554,627 ",$0.00 ,"$6,554,627 ","$5,142,699.35 ","$1,411,927.22 ","$6,120,240.08 ","$434,387.00 ",0.07
116493503,Line Mountain SD,Northumberland,"$6,818,256 ",$0.00 ,"$6,818,256 ","$5,999,603.59 ","$818,652.56 ","$6,543,394.38 ","$274,862.00 ",0.04
116495003,Milton Area SD,Northumberland,"$10,218,220 ",$0.00 ,"$10,218,220 ","$8,813,722.23 ","$1,404,498.23 ","$9,780,781.42 ","$437,439.00 ",0.04
116495103,Mount Carmel Area SD,Northumberland,"$9,983,447 ","$431,340.14 ","$9,552,107 ","$8,044,356.93 ","$1,507,750.06 ","$8,927,942.16 ","$1,055,505.00 ",0.12
116496503,Shamokin Area SD,Northumberland,"$15,237,776 ","$684,140.70 ","$14,553,635 ","$12,162,219.94 ","$2,391,414.78 ","$13,674,106.31 ","$1,563,670.00 ",0.11
116496603,Shikellamy SD,Northumberland,"$15,137,702 ",$0.00 ,"$15,137,702 ","$11,804,952.85 ","$3,332,749.41 ","$13,678,458.27 ","$1,459,244.00 ",0.11
116498003,Warrior Run SD,Northumberland,"$7,045,874 ",$0.00 ,"$7,045,874 ","$6,119,901.56 ","$925,972.92 ","$6,634,639.21 ","$411,235.00 ",0.06
115503004,Greenwood SD,Perry,"$3,897,786 ",$0.00 ,"$3,897,786 ","$3,332,735.89 ","$565,050.55 ","$3,658,327.04 ","$239,459.00 ",0.07
115504003,Newport SD,Perry,"$6,354,292 ",$0.00 ,"$6,354,292 ","$5,622,985.84 ","$731,305.89 ","$6,188,462.17 ","$165,830.00 ",0.03
115506003,Susquenita SD,Perry,"$8,543,361 ",$0.00 ,"$8,543,361 ","$7,856,865.93 ","$686,494.71 ","$8,398,637.36 ","$144,724.00 ",0.02
115508003,West Perry SD,Perry,"$9,554,858 ",$0.00 ,"$9,554,858 ","$8,316,387.66 ","$1,238,470.72 ","$9,179,180.01 ","$375,678.00 ",0.04
126515001,Philadelphia City SD,Philadelphia,"$1,400,843,907 ","$83,910,648.41 ","$1,316,933,259 ","$1,023,623,470.37 ","$293,309,788.50 ","$1,224,128,259.77 ","$176,715,647.00 ",0.14
120522003,Delaware Valley SD,Pike,"$15,757,619 ",$0.00 ,"$15,757,619 ","$13,454,388.24 ","$2,303,230.99 ","$14,858,938.76 ","$898,680.00 ",0.06
119648303,Wallenpaupack Area SD,Pike,"$7,325,811 ",$0.00 ,"$7,325,811 ","$4,644,812.83 ","$2,680,998.04 ","$6,243,856.20 ","$1,081,955.00 ",0.17
109530304,Austin Area SD,Potter,"$1,591,219 ",$0.00 ,"$1,591,219 ","$1,418,746.41 ","$172,473.07 ","$1,526,165.38 ","$65,054.00 ",0.04
109531304,Coudersport Area SD,Potter,"$4,695,316 ",$0.00 ,"$4,695,316 ","$4,087,361.36 ","$607,954.97 ","$4,488,823.65 ","$206,492.00 ",0.05
109532804,Galeton Area SD,Potter,"$2,663,589 ",$0.00 ,"$2,663,589 ","$2,037,185.82 ","$626,403.34 ","$2,379,012.95 ","$284,576.00 ",0.12
109535504,Northern Potter SD,Potter,"$4,812,051 ",$0.00 ,"$4,812,051 ","$4,158,483.20 ","$653,568.25 ","$4,629,705.21 ","$182,346.00 ",0.04
109537504,Oswayo Valley SD,Potter,"$3,996,417 ",$0.00 ,"$3,996,417 ","$3,492,686.80 ","$503,730.68 ","$3,820,908.67 ","$175,508.00 ",0.05
129540803,Blue Mountain SD,Schuylkill,"$9,167,117 ",$0.00 ,"$9,167,117 ","$7,733,215.03 ","$1,433,901.71 ","$8,446,777.78 ","$720,339.00 ",0.09
129544503,Mahanoy Area SD,Schuylkill,"$9,874,940 ","$553,569.20 ","$9,321,371 ","$7,386,369.10 ","$1,935,001.91 ","$8,222,564.06 ","$1,652,376.00 ",0.20
129544703,Minersville Area SD,Schuylkill,"$7,465,386 ","$414,627.75 ","$7,050,758 ","$5,601,426.40 ","$1,449,331.87 ","$6,518,649.41 ","$946,737.00 ",0.15
129545003,North Schuylkill SD,Schuylkill,"$10,568,281 ","$437,654.45 ","$10,130,627 ","$8,600,805.54 ","$1,529,821.74 ","$9,617,177.99 ","$951,103.00 ",0.10
129546003,Pine Grove Area SD,Schuylkill,"$7,511,943 ",$0.00 ,"$7,511,943 ","$6,466,486.47 ","$1,045,456.49 ","$7,197,858.90 ","$314,084.00 ",0.04
129546103,Pottsville Area SD,Schuylkill,"$16,795,812 ","$863,774.55 ","$15,932,037 ","$12,912,711.55 ","$3,019,325.13 ","$14,523,118.80 ","$2,272,693.00 ",0.16
129546803,Saint Clair Area SD,Schuylkill,"$4,188,373 ","$227,693.11 ","$3,960,680 ","$3,164,778.21 ","$795,901.58 ","$3,668,242.25 ","$520,131.00 ",0.14
129547303,Schuylkill Haven Area SD,Schuylkill,"$6,963,336 ",$0.00 ,"$6,963,336 ","$6,077,803.84 ","$885,532.29 ","$6,531,093.39 ","$432,243.00 ",0.07
129547203,Shenandoah Valley SD,Schuylkill,"$9,950,251 ","$676,839.31 ","$9,273,412 ","$6,907,519.05 ","$2,365,892.75 ","$8,269,602.21 ","$1,680,649.00 ",0.20
129547603,Tamaqua Area SD,Schuylkill,"$9,352,964 ","$566,860.06 ","$8,786,104 ","$6,804,643.53 ","$1,981,460.14 ","$7,747,436.10 ","$1,605,528.00 ",0.21
129547803,Tri-Valley SD,Schuylkill,"$4,829,775 ",$0.00 ,"$4,829,775 ","$4,381,432.37 ","$448,342.72 ","$4,707,673.07 ","$122,102.00 ",0.03
129548803,Williams Valley SD,Schuylkill,"$7,910,789 ","$244,594.31 ","$7,666,195 ","$6,811,215.38 ","$854,979.74 ","$7,343,168.40 ","$567,621.00 ",0.08
116555003,Midd-West SD,Snyder,"$10,048,226 ",$0.00 ,"$10,048,226 ","$8,265,002.25 ","$1,783,223.62 ","$9,340,764.36 ","$707,462.00 ",0.08
116557103,Selinsgrove Area SD,Snyder,"$8,813,767 ",$0.00 ,"$8,813,767 ","$7,258,031.38 ","$1,555,735.68 ","$8,183,417.23 ","$630,350.00 ",0.08
108561003,Berlin Brothersvalley SD,Somerset,"$5,488,992 ",$0.00 ,"$5,488,992 ","$5,057,797.11 ","$431,194.43 ","$5,309,009.07 ","$179,983.00 ",0.03
108561803,Conemaugh Township Area SD,Somerset,"$6,953,927 ",$0.00 ,"$6,953,927 ","$6,594,050.21 ","$359,877.28 ","$6,904,630.94 ","$49,296.00 ",0.01
108565203,Meyersdale Area SD,Somerset,"$7,710,798 ",$0.00 ,"$7,710,798 ","$7,095,233.70 ","$615,564.24 ","$7,468,451.16 ","$242,347.00 ",0.03
108565503,North Star SD,Somerset,"$8,249,303 ",$0.00 ,"$8,249,303 ","$7,356,236.72 ","$893,065.79 ","$7,882,459.59 ","$366,843.00 ",0.05
108566303,Rockwood Area SD,Somerset,"$3,972,833 ",$0.00 ,"$3,972,833 ","$3,254,075.68 ","$718,757.02 ","$3,619,763.95 ","$353,069.00 ",0.10
108567004,Salisbury-Elk Lick SD,Somerset,"$2,051,042 ",$0.00 ,"$2,051,042 ","$1,913,899.05 ","$137,143.43 ","$2,019,915.70 ","$31,126.00 ",0.02
108567204,Shade-Central City SD,Somerset,"$4,157,724 ",$0.00 ,"$4,157,724 ","$3,832,906.30 ","$324,817.27 ","$4,034,454.59 ","$123,269.00 ",0.03
108567404,Shanksville-Stonycreek SD,Somerset,"$1,669,601 ",$0.00 ,"$1,669,601 ","$1,474,893.39 ","$194,707.26 ","$1,608,012.63 ","$61,588.00 ",0.04
108567703,Somerset Area SD,Somerset,"$9,164,067 ",$0.00 ,"$9,164,067 ","$7,497,730.19 ","$1,666,336.56 ","$8,641,093.48 ","$522,974.00 ",0.06
108568404,Turkeyfoot Valley Area SD,Somerset,"$2,500,623 ",$0.00 ,"$2,500,623 ","$2,205,680.04 ","$294,942.98 ","$2,426,862.95 ","$73,760.00 ",0.03
108569103,Windber Area SD,Somerset,"$9,703,350 ","$288,413.88 ","$9,414,936 ","$8,406,784.57 ","$1,008,151.12 ","$9,230,387.85 ","$472,962.00 ",0.05
117576303,Sullivan County SD,Sullivan,"$3,185,319 ",$0.00 ,"$3,185,319 ","$2,477,510.86 ","$707,807.66 ","$2,925,051.96 ","$260,267.00 ",0.09
119581003,Blue Ridge SD,Susquehanna,"$7,210,832 ",$0.00 ,"$7,210,832 ","$6,262,456.54 ","$948,375.37 ","$6,802,926.02 ","$407,906.00 ",0.06
119582503,Elk Lake SD,Susquehanna,"$7,251,893 ",$0.00 ,"$7,251,893 ","$6,538,068.51 ","$713,824.22 ","$7,026,449.71 ","$225,443.00 ",0.03
119583003,Forest City Regional SD,Susquehanna,"$3,894,201 ",$0.00 ,"$3,894,201 ","$3,275,663.40 ","$618,538.03 ","$3,640,113.48 ","$254,088.00 ",0.07
119584503,Montrose Area SD,Susquehanna,"$8,102,897 ",$0.00 ,"$8,102,897 ","$7,359,553.66 ","$743,343.18 ","$7,814,158.73 ","$288,738.00 ",0.04
119584603,Mountain View SD,Susquehanna,"$5,654,118 ",$0.00 ,"$5,654,118 ","$5,214,891.83 ","$439,226.44 ","$5,503,938.52 ","$150,179.00 ",0.03
119586503,Susquehanna Community SD,Susquehanna,"$7,559,942 ",$0.00 ,"$7,559,942 ","$6,322,828.54 ","$1,237,113.68 ","$6,970,923.41 ","$589,019.00 ",0.08
117596003,Northern Tioga SD,Tioga,"$14,249,752 ",$0.00 ,"$14,249,752 ","$11,941,374.89 ","$2,308,376.99 ","$13,303,367.70 ","$946,384.00 ",0.07
117597003,Southern Tioga SD,Tioga,"$9,696,620 ",$0.00 ,"$9,696,620 ","$8,399,932.83 ","$1,296,687.21 ","$9,288,478.16 ","$408,142.00 ",0.04
117598503,Wellsboro Area SD,Tioga,"$7,101,674 ",$0.00 ,"$7,101,674 ","$5,786,169.85 ","$1,315,503.97 ","$6,504,232.75 ","$597,441.00 ",0.09
116604003,Lewisburg Area SD,Union,"$4,896,610 ",$0.00 ,"$4,896,610 ","$3,099,359.74 ","$1,797,250.24 ","$3,928,397.11 ","$968,213.00 ",0.25
116605003,Mifflinburg Area SD,Union,"$9,027,326 ",$0.00 ,"$9,027,326 ","$7,527,872.03 ","$1,499,454.17 ","$8,308,317.59 ","$719,008.00 ",0.09
106611303,Cranberry Area SD,Venango,"$7,400,681 ",$0.00 ,"$7,400,681 ","$6,570,601.19 ","$830,080.05 ","$7,020,106.73 ","$380,574.00 ",0.05
106612203,Franklin Area SD,Venango,"$12,978,131 ","$357,020.26 ","$12,621,111 ","$11,373,146.62 ","$1,247,964.80 ","$12,168,005.46 ","$810,126.00 ",0.07
106616203,Oil City Area SD,Venango,"$16,114,019 ","$573,012.78 ","$15,541,006 ","$13,538,038.71 ","$2,002,966.96 ","$14,722,279.76 ","$1,391,739.00 ",0.09
106617203,Titusville Area SD,Venango,"$15,608,229 ",$0.00 ,"$15,608,229 ","$13,365,737.41 ","$2,242,491.14 ","$14,667,762.24 ","$940,467.00 ",0.06
106618603,Valley Grove SD,Venango,"$7,126,678 ",$0.00 ,"$7,126,678 ","$6,438,030.59 ","$688,647.06 ","$6,811,017.33 ","$315,661.00 ",0.05
105628302,Warren County SD,Warren,"$27,641,973 ",$0.00 ,"$27,641,973 ","$24,179,327.45 ","$3,462,645.17 ","$26,298,869.86 ","$1,343,103.00 ",0.05
101630504,Avella Area SD,Washington,"$4,469,810 ",$0.00 ,"$4,469,810 ","$4,222,685.82 ","$247,124.05 ","$4,322,384.95 ","$147,425.00 ",0.03
101630903,Bentworth SD,Washington,"$6,865,078 ",$0.00 ,"$6,865,078 ","$6,094,519.01 ","$770,559.30 ","$6,481,195.92 ","$383,882.00 ",0.06
101631003,Bethlehem-Center SD,Washington,"$9,122,680 ",$0.00 ,"$9,122,680 ","$8,525,997.06 ","$596,683.20 ","$8,963,230.53 ","$159,449.00 ",0.02
101631203,Burgettstown Area SD,Washington,"$6,704,784 ",$0.00 ,"$6,704,784 ","$6,122,147.62 ","$582,636.73 ","$6,521,069.46 ","$183,715.00 ",0.03
101631503,California Area SD,Washington,"$6,441,408 ",$0.00 ,"$6,441,408 ","$5,680,684.21 ","$760,724.00 ","$6,073,709.89 ","$367,698.00 ",0.06
101631703,Canon-McMillan SD,Washington,"$13,689,093 ",$0.00 ,"$13,689,093 ","$10,807,207.25 ","$2,881,885.94 ","$12,486,922.71 ","$1,202,170.00 ",0.10
101631803,Charleroi SD,Washington,"$9,683,498 ","$461,457.01 ","$9,222,041 ","$7,609,017.43 ","$1,613,023.61 ","$8,645,993.40 ","$1,037,505.00 ",0.12
101631903,Chartiers-Houston SD,Washington,"$5,175,256 ",$0.00 ,"$5,175,256 ","$4,612,611.62 ","$562,644.77 ","$4,928,660.21 ","$246,596.00 ",0.05
101632403,Fort Cherry SD,Washington,"$6,836,948 ",$0.00 ,"$6,836,948 ","$6,335,949.70 ","$500,998.31 ","$6,719,539.81 ","$117,408.00 ",0.02
101633903,McGuffey SD,Washington,"$10,642,174 ",$0.00 ,"$10,642,174 ","$9,984,984.31 ","$657,189.99 ","$10,379,366.53 ","$262,807.00 ",0.03
101636503,Peters Township SD,Washington,"$6,089,956 ",$0.00 ,"$6,089,956 ","$5,165,611.32 ","$924,344.67 ","$5,739,478.50 ","$350,478.00 ",0.06
101637002,Ringgold SD,Washington,"$14,067,096 ",$0.00 ,"$14,067,096 ","$12,491,639.40 ","$1,575,456.97 ","$13,453,588.70 ","$613,507.00 ",0.05
101638003,Trinity Area SD,Washington,"$13,123,035 ",$0.00 ,"$13,123,035 ","$11,347,239.58 ","$1,775,795.15 ","$12,481,267.99 ","$641,767.00 ",0.05
101638803,Washington SD,Washington,"$10,185,616 ","$374,362.60 ","$9,811,253 ","$8,502,667.59 ","$1,308,584.98 ","$9,316,852.39 ","$868,764.00 ",0.09
119648703,Wayne Highlands SD,Wayne,"$9,974,405 ",$0.00 ,"$9,974,405 ","$7,607,051.11 ","$2,367,353.78 ","$9,148,458.80 ","$825,946.00 ",0.09
119648903,Western Wayne SD,Wayne,"$6,051,246 ",$0.00 ,"$6,051,246 ","$4,658,772.57 ","$1,392,473.47 ","$5,475,927.35 ","$575,319.00 ",0.11
107650603,Belle Vernon Area SD,Westmoreland,"$10,565,549 ",$0.00 ,"$10,565,549 ","$9,342,627.82 ","$1,222,921.42 ","$9,985,814.11 ","$579,735.00 ",0.06
107650703,Burrell SD,Westmoreland,"$6,563,011 ",$0.00 ,"$6,563,011 ","$5,592,892.73 ","$970,117.85 ","$6,161,672.37 ","$401,339.00 ",0.07
107651603,Derry Area SD,Westmoreland,"$12,042,290 ",$0.00 ,"$12,042,290 ","$10,916,642.37 ","$1,125,647.99 ","$11,584,556.81 ","$457,733.00 ",0.04
107652603,Franklin Regional SD,Westmoreland,"$7,697,573 ",$0.00 ,"$7,697,573 ","$6,660,759.74 ","$1,036,813.12 ","$7,253,392.94 ","$444,180.00 ",0.06
107653102,Greater Latrobe SD,Westmoreland,"$12,150,019 ",$0.00 ,"$12,150,019 ","$10,110,586.97 ","$2,039,432.08 ","$11,191,012.42 ","$959,007.00 ",0.09
107653203,Greensburg Salem SD,Westmoreland,"$12,399,148 ","$546,737.95 ","$11,852,410 ","$9,941,286.90 ","$1,911,123.27 ","$11,245,952.97 ","$1,153,195.00 ",0.10
107653802,Hempfield Area SD,Westmoreland,"$19,674,800 ",$0.00 ,"$19,674,800 ","$17,031,510.92 ","$2,643,289.27 ","$18,796,918.46 ","$877,882.00 ",0.05
107654103,Jeannette City SD,Westmoreland,"$9,543,632 ","$364,789.25 ","$9,178,843 ","$7,903,721.41 ","$1,275,121.35 ","$8,793,174.01 ","$750,458.00 ",0.09
107654403,Kiski Area SD,Westmoreland,"$17,441,676 ",$0.00 ,"$17,441,676 ","$15,230,830.41 ","$2,210,845.96 ","$16,441,796.77 ","$999,879.00 ",0.06
107654903,Ligonier Valley SD,Westmoreland,"$6,427,707 ",$0.00 ,"$6,427,707 ","$5,521,626.12 ","$906,080.76 ","$6,154,025.98 ","$273,681.00 ",0.04
107655803,Monessen City SD,Westmoreland,"$6,617,723 ",$0.00 ,"$6,617,723 ","$5,926,730.71 ","$690,992.24 ","$6,413,877.19 ","$203,846.00 ",0.03
107655903,Mount Pleasant Area SD,Westmoreland,"$10,026,722 ",$0.00 ,"$10,026,722 ","$8,696,478.05 ","$1,330,244.38 ","$9,486,969.91 ","$539,752.00 ",0.06
107656303,New Kensington-Arnold SD,Westmoreland,"$15,381,729 ","$863,536.11 ","$14,518,193 ","$11,499,701.15 ","$3,018,491.68 ","$13,373,498.02 ","$2,008,231.00 ",0.15
107656502,Norwin SD,Westmoreland,"$17,490,484 ",$0.00 ,"$17,490,484 ","$15,364,468.00 ","$2,126,015.84 ","$16,556,619.73 ","$933,864.00 ",0.06
107657103,Penn-Trafford SD,Westmoreland,"$15,298,530 ",$0.00 ,"$15,298,530 ","$13,775,631.40 ","$1,522,898.58 ","$14,635,387.77 ","$663,142.00 ",0.05
107657503,Southmoreland SD,Westmoreland,"$10,402,544 ",$0.00 ,"$10,402,544 ","$9,275,150.55 ","$1,127,393.29 ","$9,909,165.46 ","$493,379.00 ",0.05
107658903,Yough SD,Westmoreland,"$10,370,565 ",$0.00 ,"$10,370,565 ","$9,446,640.17 ","$923,925.07 ","$10,052,191.21 ","$318,374.00 ",0.03
119665003,Lackawanna Trail SD,Wyoming,"$6,168,287 ",$0.00 ,"$6,168,287 ","$5,500,408.85 ","$667,878.60 ","$5,881,407.69 ","$286,879.00 ",0.05
118667503,Tunkhannock Area SD,Wyoming,"$11,917,300 ",$0.00 ,"$11,917,300 ","$10,716,062.82 ","$1,201,236.94 ","$11,430,968.86 ","$486,331.00 ",0.04
112671303,Central York SD,York,"$10,686,651 ",$0.00 ,"$10,686,651 ","$6,801,710.61 ","$3,884,940.71 ","$9,194,030.90 ","$1,492,620.00 ",0.16
112671603,Dallastown Area SD,York,"$13,057,949 ",$0.00 ,"$13,057,949 ","$8,209,903.61 ","$4,848,044.99 ","$11,020,170.26 ","$2,037,779.00 ",0.18
112671803,Dover Area SD,York,"$13,146,225 ",$0.00 ,"$13,146,225 ","$10,785,813.26 ","$2,360,411.27 ","$12,264,828.19 ","$881,397.00 ",0.07
112672203,Eastern York SD,York,"$8,873,644 ",$0.00 ,"$8,873,644 ","$7,152,388.86 ","$1,721,255.28 ","$8,265,324.47 ","$608,320.00 ",0.07
112672803,Hanover Public SD,York,"$4,924,140 ",$0.00 ,"$4,924,140 ","$2,473,539.31 ","$2,450,600.58 ","$3,961,344.99 ","$962,795.00 ",0.24
112674403,Northeastern York SD,York,"$13,298,846 ",$0.00 ,"$13,298,846 ","$10,429,550.60 ","$2,869,295.80 ","$12,470,968.95 ","$827,877.00 ",0.07
115674603,Northern York County SD,York,"$8,758,279 ",$0.00 ,"$8,758,279 ","$7,091,641.14 ","$1,666,638.07 ","$8,023,552.18 ","$734,727.00 ",0.09
112675503,Red Lion Area SD,York,"$16,697,211 ",$0.00 ,"$16,697,211 ","$14,217,334.15 ","$2,479,877.09 ","$15,911,022.58 ","$786,188.00 ",0.05
112676203,South Eastern SD,York,"$9,619,151 ",$0.00 ,"$9,619,151 ","$8,470,035.61 ","$1,149,115.39 ","$9,143,880.30 ","$475,271.00 ",0.05
112676403,South Western SD,York,"$12,031,917 ",$0.00 ,"$12,031,917 ","$9,636,980.14 ","$2,394,936.72 ","$11,170,877.25 ","$861,040.00 ",0.08
112676503,Southern York County SD,York,"$8,759,379 ",$0.00 ,"$8,759,379 ","$7,432,195.87 ","$1,327,182.80 ","$8,291,152.45 ","$468,227.00 ",0.06
112676703,Spring Grove Area SD,York,"$12,481,416 ",$0.00 ,"$12,481,416 ","$10,224,027.70 ","$2,257,388.31 ","$11,604,251.23 ","$877,165.00 ",0.08
115219002,West Shore SD,York,"$15,850,015 ",$0.00 ,"$15,850,015 ","$12,404,717.40 ","$3,445,297.28 ","$14,555,193.75 ","$1,294,821.00 ",0.09
112678503,West York Area SD,York,"$8,039,022 ",$0.00 ,"$8,039,022 ","$5,484,499.19 ","$2,554,522.84 ","$7,301,485.28 ","$737,537.00 ",0.10
112679002,York City SD,York,"$90,584,282 ","$6,906,830.61 ","$83,677,451 ","$59,534,614.77 ","$24,142,836.03 ","$76,287,931.14 ","$14,296,351.00 ",0.19
112679403,York Suburban SD,York,"$4,526,861 ",$0.00 ,"$4,526,861 ","$1,746,071.82 ","$2,780,789.07 ","$3,420,524.89 ","$1,106,336.00 ",0.32
,,,,,,,,,,
,,Basic Education Funding: Formula plus Level Up,"$7,305,079,041 ","$225,000,000.00 ","$7,080,079,048 ","$5,656,411,805.59 ","$1,423,667,243.35 ","$6,555,079,048.99 ","$750,000,005.00 ",0.11
,,,,,,,,,,
,Social Security Payments to School Districts,,"$545,045,000 ",,,,,,,
,,,,,,,,,,
,Total Basic Education Funding and Level Up Supplement,,"$7,850,124,041 ",,,,,,,
